City_ID,City,Country,Date,Lat,Lng,Max Temp,Humidity,Cloudiness,Wind Speed
0,Los Llanos De Aridane,ES,2022-01-29 21:12:03,28.6585,-17.9182,58.75,74,9,5.99
1,Wanning,CN,2022-01-29 21:12:04,18.8003,110.3967,62.6,87,100,9.42
2,Bredasdorp,ZA,2022-01-29 21:12:04,-34.5322,20.0403,64.27,72,5,10.98
3,Kirovo-Chepetsk,RU,2022-01-29 21:12:05,58.5539,50.0399,6.33,97,99,4.7
4,Mount Isa,AU,2022-01-29 21:12:05,-20.7333,139.5,74.97,100,75,6.91
5,Burns Lake,CA,2022-01-29 21:12:05,54.2331,-125.7533,33.13,86,100,4.72
6,Tacoronte,ES,2022-01-29 21:12:06,28.4769,-16.4102,59.94,66,40,8.99
7,Cap-Aux-Meules,CA,2022-01-29 21:12:06,47.3821,-61.8597,26.65,93,100,47.18
8,Salalah,OM,2022-01-29 21:09:34,17.0151,54.0924,71.69,73,0,1.14
9,Bluff,NZ,2022-01-29 21:12:07,-46.6,168.3333,58.39,88,100,6.85
10,La Ronge,CA,2022-01-29 21:11:43,55.1001,-105.2842,4.26,93,97,3.91
11,Narsaq,GL,2022-01-29 21:12:07,60.9167,-46.05,14.22,96,100,2.48
12,Rikitea,PF,2022-01-29 21:09:33,-23.1203,-134.9692,77.32,73,100,10.71
13,Punta Arenas,CL,2022-01-29 21:10:38,-53.15,-70.9167,53.71,54,75,17.27
14,Ismailia,EG,2022-01-29 21:12:08,30.6043,32.2723,55.92,63,96,3.51
15,Anshun,CN,2022-01-29 21:12:09,26.25,105.9333,30.54,93,7,1.59
16,Busselton,AU,2022-01-29 21:12:09,-33.65,115.3333,67.05,91,5,14.34
17,Sabha,LY,2022-01-29 21:12:10,27.0377,14.4283,49.3,29,47,7.0
18,East London,ZA,2022-01-29 21:11:53,-33.0153,27.9116,72.01,80,83,10.71
19,Grootfontein,NA,2022-01-29 21:12:10,-19.5667,18.1167,67.48,84,79,6.06
20,Hobart,AU,2022-01-29 21:12:11,-42.8794,147.3294,62.02,69,100,1.01
21,Malim,PH,2022-01-29 21:12:11,7.452,123.4312,78.73,79,94,2.35
22,Cabo San Lucas,MX,2022-01-29 21:12:12,22.8909,-109.9124,80.62,56,0,7.0
23,Sao Filipe,CV,2022-01-29 21:12:12,14.8961,-24.4956,71.11,71,100,13.0
24,Hermanus,ZA,2022-01-29 21:12:12,-34.4187,19.2345,64.8,76,3,13.76
25,Jamestown,US,2022-01-29 21:10:42,42.097,-79.2353,16.09,48,0,5.01
26,Liverpool,GB,2022-01-29 21:07:49,53.4106,-2.9779,46.69,80,75,10.0
27,Cayenne,GF,2022-01-29 21:09:33,4.9333,-52.3333,80.1,77,0,2.3
28,Mar Del Plata,AR,2022-01-29 21:10:05,-38.0023,-57.5575,84.22,90,0,18.01
29,Paita,PE,2022-01-29 21:12:14,-5.0892,-81.1144,81.16,72,59,16.58
30,Sao Joao Da Barra,BR,2022-01-29 21:07:39,-21.6403,-41.0511,77.09,89,54,9.98
31,Ketchikan,US,2022-01-29 21:12:14,55.3422,-131.6461,42.78,93,99,7.9
32,Khandbari,NP,2022-01-29 21:12:15,27.3747,87.2039,47.52,80,62,0.94
33,Ushuaia,AR,2022-01-29 21:10:50,-54.8,-68.3,51.94,89,100,3.13
34,Chuy,UY,2022-01-29 21:12:15,-33.6971,-53.4616,74.12,61,18,11.32
35,Vardo,NO,2022-01-29 21:12:16,70.3705,31.1107,21.31,78,93,0.96
36,Mataura,NZ,2022-01-29 21:10:46,-46.1927,168.8643,57.36,93,100,2.57
37,Portland,US,2022-01-29 21:09:10,45.5234,-122.6762,52.56,54,20,1.99
38,Bambous Virieux,MU,2022-01-29 21:10:17,-20.3428,57.7575,79.21,70,99,13.65
39,Hakkari,TR,2022-01-29 21:12:17,37.5833,44.1667,6.8,97,84,1.74
40,Kaitangata,NZ,2022-01-29 21:09:24,-46.2817,169.8464,56.39,93,100,4.25
41,Nave,IT,2022-01-29 21:12:17,45.5875,10.29,39.38,80,63,2.3
42,Lagunas,PE,2022-01-29 21:12:18,-5.2269,-75.6753,92.03,45,100,4.68
43,San Quintin,MX,2022-01-29 21:09:35,30.4833,-115.95,66.65,34,5,8.43
44,Pangnirtung,CA,2022-01-29 21:11:17,66.1451,-65.7125,-19.37,99,100,4.07
45,Namanga,KE,2022-01-29 21:12:19,-2.5433,36.7905,68.9,68,100,6.8
46,Yar-Sale,RU,2022-01-29 21:10:57,66.8333,70.8333,-9.54,97,93,8.77
47,Auki,SB,2022-01-29 21:13:12,-8.7676,160.7034,80.1,86,99,5.73
48,Seoul,KR,2022-01-29 21:09:14,37.5683,126.9778,22.44,32,79,2.68
49,Salihorsk,BY,2022-01-29 21:13:20,52.7876,27.5415,27.36,96,100,18.03
50,Qaanaaq,GL,2022-01-29 21:13:20,77.484,-69.3632,0.36,64,100,11.1
51,Cape Town,ZA,2022-01-29 21:11:00,-33.9258,18.4232,68.11,72,0,4.0
52,Puerto Ayora,EC,2022-01-29 21:13:21,-0.7393,-90.3518,82.36,71,28,9.35
53,Dikson,RU,2022-01-29 21:13:21,73.5069,80.5464,3.61,93,99,21.88
54,Albany,US,2022-01-29 21:08:41,42.6001,-73.9662,15.37,61,100,7.0
55,Tuktoyaktuk,CA,2022-01-29 21:13:22,69.4541,-133.0374,-8.73,95,100,16.89
56,Grand-Lahou,CI,2022-01-29 21:13:22,5.1367,-5.0242,80.06,87,18,7.25
57,Quatre Cocos,MU,2022-01-29 21:13:23,-20.2078,57.7625,79.09,71,97,14.32
58,Butaritari,KI,2022-01-29 21:13:23,3.0707,172.7902,82.11,76,25,19.89
59,Cidreira,BR,2022-01-29 21:13:23,-30.1811,-50.2056,73.67,58,56,12.64
60,Ribeira Brava,PT,2022-01-29 21:13:24,32.65,-17.0667,65.03,68,20,5.64
61,Urucui,BR,2022-01-29 21:13:24,-7.2294,-44.5561,73.62,85,74,4.52
62,Saint-Philippe,RE,2022-01-29 21:12:18,-21.3585,55.7679,76.59,85,55,9.06
63,Naze,JP,2022-01-29 21:13:25,28.3667,129.4833,56.79,78,100,13.96
64,Yellowknife,CA,2022-01-29 21:13:25,62.456,-114.3525,-4.59,94,82,5.86
65,Hamilton,US,2022-01-29 21:13:26,39.1834,-84.5333,26.2,58,40,1.01
66,Saint George,US,2022-01-29 21:12:20,37.1041,-113.5841,64.87,15,0,1.99
67,Tucumcari,US,2022-01-29 21:13:26,35.1717,-103.725,60.94,14,0,6.91
68,Bowen,AU,2022-01-29 21:13:27,-20.0167,148.2333,76.87,79,8,9.98
69,Saskylakh,RU,2022-01-29 21:13:27,71.9167,114.0833,-21.84,100,99,3.44
70,Lasa,IT,2022-01-29 21:13:27,46.6166,10.7002,34.54,60,3,8.55
71,Hilo,US,2022-01-29 21:10:46,19.7297,-155.09,78.53,55,20,8.05
72,Karlstad,SE,2022-01-29 21:13:28,59.3793,13.5036,41.56,60,95,18.41
73,Lyubech,UA,2022-01-29 21:13:29,51.7026,30.6569,21.83,93,100,9.8
74,Usinsk,RU,2022-01-29 21:09:19,65.9939,57.5281,12.15,92,100,19.42
75,Carnarvon,AU,2022-01-29 21:10:50,-24.8667,113.6333,77.07,88,84,10.36
76,South Sioux City,US,2022-01-29 21:13:29,42.4739,-96.4136,53.55,24,0,8.99
77,Airai,TL,2022-01-29 21:13:30,-8.9266,125.4092,60.71,92,100,3.29
78,Bahia Blanca,AR,2022-01-29 21:13:30,-38.7196,-62.2724,96.15,20,0,12.62
79,Omboue,GA,2022-01-29 21:13:31,-1.5746,9.2618,78.6,86,98,6.15
80,Bathsheba,BB,2022-01-29 21:13:31,13.2167,-59.5167,79.41,69,40,13.8
81,Mirabela,BR,2022-01-29 21:13:32,-16.2628,-44.1644,71.46,90,81,4.97
82,Kupang,ID,2022-01-29 21:13:32,-10.1667,123.5833,79.92,85,100,12.71
83,Ribeira Grande,PT,2022-01-29 21:10:45,38.5167,-28.7,59.4,67,20,5.75
84,Yulara,AU,2022-01-29 21:13:33,-25.2406,130.9889,76.91,77,63,17.96
85,Taua,BR,2022-01-29 21:13:33,-5.9667,-40.3,74.07,81,100,10.09
86,Richards Bay,ZA,2022-01-29 21:13:34,-28.783,32.0377,71.89,83,61,3.22
87,Goalpara,IN,2022-01-29 21:13:35,26.1667,90.6167,53.87,57,0,2.24
88,Avarua,CK,2022-01-29 21:13:35,-21.2078,-159.775,82.45,78,20,9.22
89,Paamiut,GL,2022-01-29 21:13:35,61.994,-49.6678,16.0,70,100,24.45
90,Kralendijk,BQ,2022-01-29 21:13:36,12.15,-68.2667,82.38,65,40,11.5
91,Atuona,PF,2022-01-29 21:13:37,-9.8,-139.0333,77.72,75,18,13.67
92,Padang,ID,2022-01-29 21:13:37,-0.9492,100.3543,76.53,90,66,3.65
93,Kapaa,US,2022-01-29 21:14:38,22.0752,-159.319,80.58,72,20,1.01
94,Port Elizabeth,ZA,2022-01-29 21:14:38,-33.918,25.5701,67.1,88,75,9.22
95,Nantucket,US,2022-01-29 21:14:39,41.2835,-70.0995,26.1,90,100,47.2
96,Beibei,CN,2022-01-29 21:14:39,29.8256,106.4339,46.24,81,36,4.0
97,Praia Da Vitoria,PT,2022-01-29 21:13:11,38.7333,-27.0667,58.75,87,39,10.09
98,Atar,MR,2022-01-29 21:14:40,20.5169,-13.0499,76.19,20,100,3.2
99,Buala,SB,2022-01-29 21:14:41,-8.145,159.5921,81.32,83,100,6.8
100,Pevek,RU,2022-01-29 21:12:00,69.7008,170.3133,-18.06,99,82,3.44
101,Catamarca,AR,2022-01-29 21:13:40,-28.4696,-65.7852,86.05,56,69,10.31
102,Aklavik,CA,2022-01-29 21:11:59,68.2191,-135.0107,-19.21,90,91,4.94
103,Goderich,CA,2022-01-29 21:13:16,43.7501,-81.7165,17.91,79,89,6.67
104,Klaksvik,FO,2022-01-29 21:12:17,62.2266,-6.589,34.72,63,60,28.54
105,Santiago Del Estero,AR,2022-01-29 21:14:42,-27.7951,-64.2615,89.56,24,0,4.54
106,Marsh Harbour,BS,2022-01-29 21:14:43,26.5412,-77.0636,59.67,60,19,28.05
107,Olinda,BR,2022-01-29 21:14:43,-8.0089,-34.8553,80.33,74,75,2.3
108,Ystad,SE,2022-01-29 21:14:43,55.4297,13.8204,43.54,63,91,42.77
109,Touros,BR,2022-01-29 21:14:44,-5.1989,-35.4608,79.7,77,95,10.31
110,Verkh-Usugli,RU,2022-01-29 21:14:44,52.7,115.1667,-14.69,96,10,2.82
111,Sinnamary,GF,2022-01-29 21:14:45,5.3833,-52.95,78.8,79,81,7.74
112,Itarema,BR,2022-01-29 21:14:45,-2.9248,-39.9167,79.66,69,96,9.73
113,Moose Factory,CA,2022-01-29 21:14:46,51.2585,-80.6094,-0.4,71,0,5.75
114,Namibe,AO,2022-01-29 21:14:46,-15.1961,12.1522,72.28,76,100,6.69
115,Mantua,IT,2022-01-29 21:14:46,45.1667,10.7833,43.7,75,100,3.8
116,Peniche,PT,2022-01-29 21:11:35,39.3558,-9.3811,58.73,50,6,9.42
117,Port Alfred,ZA,2022-01-29 21:14:47,-33.5906,26.891,70.18,83,46,12.37
118,Vaini,TO,2022-01-29 21:14:47,-21.2,-175.2,81.46,78,100,16.84
119,Barrow,US,2022-01-29 21:10:36,71.2906,-156.7887,-7.58,77,100,11.5
120,Leh,IN,2022-01-29 21:14:48,34.1667,77.5833,-1.34,95,99,2.21
121,Samarai,PG,2022-01-29 21:14:48,-10.6167,150.6667,80.17,78,100,8.23
122,Khandyga,RU,2022-01-29 21:14:49,62.6667,135.6,-41.03,99,59,1.95
123,Raisen,IN,2022-01-29 21:14:49,23.3333,77.8,53.38,36,0,2.64
124,Tabou,CI,2022-01-29 21:14:50,4.423,-7.3528,80.26,85,30,6.85
125,Fort Nelson,CA,2022-01-29 21:14:50,58.8053,-122.7002,8.19,78,100,9.22
126,Hithadhoo,MV,2022-01-29 21:10:32,-0.6,73.0833,80.87,67,89,3.11
127,Moissala,TD,2022-01-29 21:14:51,8.3404,17.7663,75.31,19,12,5.37
128,Svetlyy,RU,2022-01-29 21:14:51,54.675,20.1347,42.96,86,100,31.7
129,Gravdal,NO,2022-01-29 21:14:51,68.1214,13.5031,29.98,74,100,9.15
130,Traverse City,US,2022-01-29 21:13:32,44.7631,-85.6206,23.61,68,75,8.05
131,Soe,ID,2022-01-29 21:14:52,-9.8607,124.284,66.94,91,100,4.7
132,Phan Thiet,VN,2022-01-29 21:09:54,10.9333,108.1,71.83,89,81,2.8
133,Norman Wells,CA,2022-01-29 21:14:53,65.282,-126.8329,-23.76,76,40,2.3
134,Torbay,CA,2022-01-29 21:14:12,47.6666,-52.7314,33.58,92,100,21.85
135,Kati,ML,2022-01-29 21:14:54,12.7441,-8.0726,80.01,16,1,5.37
136,Eureka,US,2022-01-29 21:14:55,40.8021,-124.1637,57.25,74,4,1.01
137,Tasiilaq,GL,2022-01-29 21:14:55,65.6145,-37.6368,15.96,76,94,6.64
138,Bandarbeyla,SO,2022-01-29 21:14:55,9.4942,50.8122,75.76,65,94,21.99
139,Wawa,NG,2022-01-29 21:15:56,9.9022,4.4192,79.52,21,46,5.64
140,Liusha,CN,2022-01-29 21:15:57,27.2098,108.59,29.91,93,77,2.04
141,Nago,JP,2022-01-29 21:15:57,26.5881,127.9761,62.76,84,100,14.14
142,Iqaluit,CA,2022-01-29 21:15:57,63.7506,-68.5145,-9.67,64,75,6.91
143,Pyapon,MM,2022-01-29 21:12:45,16.2833,95.6833,62.46,74,45,8.39
144,Koumra,TD,2022-01-29 21:15:58,8.9126,17.5539,77.4,18,64,6.93
145,Point Pleasant,US,2022-01-29 21:15:59,40.0832,-74.0682,20.3,73,100,7.0
146,Sitka,US,2022-01-29 21:11:51,57.0531,-135.33,37.29,81,100,14.97
147,Prince Rupert,CA,2022-01-29 21:11:44,54.3161,-130.3201,41.09,93,100,14.97
148,Port Hedland,AU,2022-01-29 21:15:59,-20.3167,118.5667,80.65,78,100,5.75
149,Ambon,ID,2022-01-29 21:16:00,-3.6954,128.1814,80.74,78,40,6.91
150,General Roca,AR,2022-01-29 21:16:00,-39.0333,-67.5833,95.4,9,0,17.43
151,Thunder Bay,CA,2022-01-29 21:16:01,48.4001,-89.3168,18.55,83,100,3.44
152,Chimbote,PE,2022-01-29 21:16:01,-9.0853,-78.5783,74.43,71,100,11.03
153,Broome,US,2022-01-29 21:16:01,42.2506,-75.833,13.21,59,0,5.99
154,Leningradskiy,RU,2022-01-29 21:16:02,69.3833,178.4167,-9.83,90,55,5.03
155,Dali,CN,2022-01-29 21:16:03,25.7,100.1833,35.98,68,0,2.84
156,Arlit,NE,2022-01-29 21:16:03,18.7369,7.3853,64.17,14,1,7.85
157,Flinders,AU,2022-01-29 21:16:03,-34.5833,150.8552,75.38,84,100,5.99
158,Raahe,FI,2022-01-29 21:16:04,64.6833,24.4833,26.69,97,100,8.21
159,Selje,NO,2022-01-29 21:16:04,62.0459,5.351,40.86,81,100,39.48
160,Ponta Do Sol,PT,2022-01-29 21:16:05,32.6667,-17.1,65.03,67,25,5.06
161,Half Moon Bay,US,2022-01-29 21:16:05,37.4636,-122.4286,66.97,51,0,1.99
162,Guerrero Negro,MX,2022-01-29 21:16:06,27.9769,-114.0611,71.19,29,8,12.35
163,Baykit,RU,2022-01-29 21:16:06,61.67,96.37,-2.51,100,99,0.78
164,Namatanai,PG,2022-01-29 21:12:57,-3.6667,152.4333,80.28,80,100,2.04
165,Maniitsoq,GL,2022-01-29 21:16:07,65.4167,-52.9,8.65,76,100,28.45
166,Moron,AR,2022-01-29 21:16:07,-34.6534,-58.6198,83.93,56,60,8.79
167,Sterling,US,2022-01-29 21:15:39,39.0062,-77.4286,27.1,40,20,1.99
168,Gambat,PK,2022-01-29 21:16:08,27.3515,68.5205,53.69,34,0,5.57
169,Chapais,CA,2022-01-29 21:16:09,49.7834,-74.8492,-2.42,88,6,2.3
170,Bulgan,MN,2022-01-29 21:16:09,48.8125,103.5347,-7.2,94,93,4.59
171,Poum,NC,2022-01-29 21:11:35,-20.2333,164.0167,80.92,79,39,9.19
172,Yuksekova,TR,2022-01-29 21:16:10,37.5736,44.2872,14.63,99,92,2.06
173,New Norfolk,AU,2022-01-29 21:16:10,-42.7826,147.0587,61.66,61,23,1.01
174,Murgab,TM,2022-01-29 21:16:11,37.4966,61.9714,37.27,75,75,6.91
175,Kelo,TD,2022-01-29 21:16:11,9.3086,15.8066,75.69,16,8,9.69
176,Meulaboh,ID,2022-01-29 21:16:12,4.1363,96.1285,77.54,87,78,2.89
177,Ust-Omchug,RU,2022-01-29 21:16:12,61.15,149.6333,-9.06,99,98,6.29
178,Fortuna,US,2022-01-29 21:11:50,40.5982,-124.1573,56.93,75,0,7.0
179,Clyde River,CA,2022-01-29 21:16:13,70.4692,-68.5914,-7.37,64,100,9.22
180,Ilulissat,GL,2022-01-29 21:16:13,69.2167,-51.1,12.22,57,100,16.11
181,Yenagoa,NG,2022-01-29 21:16:14,4.9247,6.2642,76.32,61,8,3.98
182,Katherine,AU,2022-01-29 21:15:06,-14.4667,132.2667,79.12,89,98,10.36
183,Longyearbyen,SJ,2022-01-29 21:14:22,78.2186,15.6401,8.44,66,0,14.97
184,Tubinskiy,RU,2022-01-29 21:16:14,52.8892,58.2225,-0.26,91,99,3.6
185,Ponta Delgada,PT,2022-01-29 21:16:15,37.7333,-25.6667,59.5,77,20,8.05
186,Deputatskiy,RU,2022-01-29 21:16:45,69.3,139.9,-18.06,87,100,2.17
187,Honiara,SB,2022-01-29 21:17:16,-9.4333,159.95,78.76,86,100,0.49
188,Sistranda,NO,2022-01-29 21:17:16,63.7256,8.834,37.9,63,80,18.57
189,Sorland,NO,2022-01-29 21:17:16,67.667,12.6934,35.46,73,100,14.74
190,Katsuura,JP,2022-01-29 21:17:17,35.1333,140.3,42.19,83,43,14.03
191,Mukdahan,TH,2022-01-29 21:17:18,16.5833,104.5,73.69,55,60,3.89
192,Grand Gaube,MU,2022-01-29 21:17:18,-20.0064,57.6608,79.38,74,90,5.01
193,Panaba,MX,2022-01-29 21:17:19,21.2833,-88.2667,72.3,47,98,15.5
194,Petropavlovsk-Kamchatskiy,RU,2022-01-29 21:17:19,53.0452,158.6483,18.19,93,75,2.24
195,Souillac,MU,2022-01-29 21:17:19,-20.5167,57.5167,79.36,83,20,5.75
196,Oktyabrskoye,RU,2022-01-29 21:17:20,43.0645,44.7417,21.34,92,71,6.71
197,Codrington,AU,2022-01-29 21:17:20,-38.2667,141.9667,63.81,82,80,6.33
198,Adrar,MR,2022-01-29 21:17:21,20.5022,-10.0711,78.67,11,100,10.65
199,Murmino,RU,2022-01-29 21:17:21,54.6036,40.0544,12.04,100,89,4.18
200,Tuatapere,NZ,2022-01-29 21:17:21,-46.1333,167.6833,57.9,93,100,5.01
201,Anadyr,RU,2022-01-29 21:17:22,64.75,177.4833,-14.01,83,20,0.0
202,Breves,BR,2022-01-29 21:17:23,-1.6822,-50.4803,73.24,96,100,2.04
203,Castro,BR,2022-01-29 21:16:08,-24.7911,-50.0119,60.17,99,100,6.11
204,Lithakia,GR,2022-01-29 21:17:23,37.7167,20.8333,46.58,65,57,17.47
205,Lamar,US,2022-01-29 21:17:24,33.6668,-95.5836,66.97,17,0,12.66
206,Shurugwi,ZW,2022-01-29 21:17:24,-19.6702,30.0059,63.41,93,100,6.22
207,Te Anau,NZ,2022-01-29 21:17:24,-45.4167,167.7167,57.67,88,100,1.41
208,Madras,IN,2022-01-29 21:17:25,13.0878,80.2785,78.96,80,75,4.0
209,Garowe,SO,2022-01-29 21:17:25,8.4054,48.4845,67.66,75,91,17.72
210,Churapcha,RU,2022-01-29 21:17:26,62.0025,132.4325,-38.65,100,80,2.73
211,Puerto Madero,MX,2022-01-29 21:17:24,14.7208,-92.4215,88.0,58,40,5.75
212,Krasnoselkup,RU,2022-01-29 21:17:27,65.7,82.4667,-11.7,99,99,7.83
213,Vanavara,RU,2022-01-29 21:16:31,60.34,102.2797,-6.39,99,100,2.89
214,Arraial Do Cabo,BR,2022-01-29 21:17:27,-22.9661,-42.0278,75.16,83,75,9.22
215,Urdoma,RU,2022-01-29 21:13:13,61.7533,48.5442,15.48,94,100,7.29
216,Gawler,AU,2022-01-29 21:17:28,-34.6,138.7333,71.51,74,0,6.31
217,Isangel,VU,2022-01-29 21:16:54,-19.55,169.2667,80.17,88,100,15.5
218,Karratha,AU,2022-01-29 21:17:29,-20.7377,116.8463,80.83,62,75,14.7
219,Balashov,RU,2022-01-29 21:17:29,51.5502,43.1667,27.52,98,100,5.64
220,Choma,ZM,2022-01-29 21:17:30,-16.8065,26.9531,65.21,96,100,1.97
221,Paka,MY,2022-01-29 21:17:30,4.6374,103.4368,71.53,100,51,1.14
222,Fuyu,CN,2022-01-29 21:17:31,45.1833,124.8167,-5.51,93,5,4.29
223,Puerto Escondido,MX,2022-01-29 21:17:31,15.85,-97.0667,83.23,65,20,9.22
224,Thompson,CA,2022-01-29 21:17:31,55.7435,-97.8558,-0.24,71,40,4.61
225,Ahipara,NZ,2022-01-29 21:17:32,-35.1667,173.1667,68.52,63,65,8.95
226,Lebu,CL,2022-01-29 21:17:32,-37.6167,-73.65,64.4,76,2,10.96
227,Nanortalik,GL,2022-01-29 21:16:12,60.1432,-45.2371,19.78,65,100,12.53
228,Lavrentiya,RU,2022-01-29 21:17:33,65.5833,-171.0,-3.82,83,3,4.07
229,Provideniya,RU,2022-01-29 21:18:33,64.3833,-173.3,2.66,86,4,5.01
230,Tilichiki,RU,2022-01-29 21:18:34,60.4667,166.1,18.82,71,100,14.54
231,Lagoa,PT,2022-01-29 21:14:36,39.05,-27.9833,58.5,73,77,13.76
232,Palana,RU,2022-01-29 21:18:35,59.1167,159.9667,20.62,75,59,11.97
233,Vanimo,PG,2022-01-29 21:18:35,-2.6741,141.3028,76.08,89,100,7.49
234,Perevoz,RU,2022-01-29 21:18:35,55.5961,44.5446,17.53,97,100,3.62
235,Billings,US,2022-01-29 21:18:36,45.7833,-108.5007,55.17,13,75,17.27
236,Nishihara,JP,2022-01-29 21:18:36,26.1842,127.7558,61.88,94,100,9.22
237,Ladovskaya Balka,RU,2022-01-29 21:18:37,45.6297,41.4023,34.05,95,100,13.53
238,Ugoofaaru,MV,2022-01-29 21:18:37,5.6667,73.0,82.11,71,69,15.84
239,Yacuiba,BO,2022-01-29 21:18:37,-22.038,-63.6797,84.43,39,7,8.05
240,Oranjemund,NA,2022-01-29 21:18:38,-28.55,16.4333,65.75,85,79,12.86
241,Juneau,US,2022-01-29 21:15:12,58.3019,-134.4197,41.22,89,100,0.0
242,Liepaja,LV,2022-01-29 21:18:38,56.5419,21.0367,42.85,87,100,33.38
243,Baruun-Urt,MN,2022-01-29 21:18:39,46.6806,113.2792,-8.36,88,16,2.33
244,Mackay,AU,2022-01-29 21:16:02,-21.15,149.2,76.68,79,23,12.44
245,Labuhan,ID,2022-01-29 21:14:23,-6.8844,112.2051,78.21,86,100,6.31
246,Cherskiy,RU,2022-01-29 21:18:40,68.75,161.3,-29.11,100,43,1.95
247,Lhokseumawe,ID,2022-01-29 21:18:40,5.1801,97.1507,77.04,86,77,4.56
248,Shcheglovo,RU,2022-01-29 21:18:41,60.0284,30.7529,27.39,78,100,14.58
249,Comodoro Rivadavia,AR,2022-01-29 21:18:41,-45.8667,-67.5,87.66,8,0,19.57
250,Lodja,CD,2022-01-29 21:18:41,-3.4833,23.4333,73.02,74,76,0.67
251,Hofn,IS,2022-01-29 21:18:42,64.2539,-15.2082,29.08,54,16,6.24
252,Inirida,CO,2022-01-29 21:18:42,3.8653,-67.9239,90.91,39,94,2.37
253,Bubaque,GW,2022-01-29 21:17:11,11.2833,-15.8333,78.44,72,92,21.16
254,Hashtrud,IR,2022-01-29 21:18:43,37.4779,47.0508,3.58,98,54,1.52
255,Lazaro Cardenas,MX,2022-01-29 21:18:43,17.9583,-102.2,83.53,58,0,9.26
256,Le Port,RE,2022-01-29 21:18:44,-20.9373,55.2919,75.2,83,88,2.08
257,Constitucion,CL,2022-01-29 21:15:50,-35.3333,-72.4167,65.12,74,51,10.33
258,Bilma,NE,2022-01-29 21:18:45,18.6853,12.9164,61.03,18,1,10.92
259,Luderitz,NA,2022-01-29 21:18:45,-26.6481,15.1594,67.57,80,73,8.81
260,Biak,ID,2022-01-29 21:18:34,-0.9131,122.8766,76.35,79,98,3.31
261,Qinhuangdao,CN,2022-01-29 21:18:46,39.9317,119.5883,22.64,42,0,3.89
262,Evensk,RU,2022-01-29 21:18:47,61.95,159.2333,15.4,80,100,11.39
263,Kodiak,US,2022-01-29 21:18:47,57.79,-152.4072,35.11,55,0,24.16
264,Xining,CN,2022-01-29 21:18:47,36.6167,101.7667,10.31,61,13,1.81
265,Contamana,PE,2022-01-29 21:18:48,-7.3333,-75.0167,92.5,43,100,7.81
266,Healdsburg,US,2022-01-29 21:13:51,38.6105,-122.8692,68.9,47,0,0.0
267,Nagato,JP,2022-01-29 21:18:48,34.3833,131.2,39.11,56,100,7.2
268,Ozinki,RU,2022-01-29 21:18:49,51.1786,49.6769,30.25,98,100,12.3
269,Escarcega,MX,2022-01-29 21:18:50,18.6089,-90.7454,73.47,52,100,5.5
270,Impfondo,CG,2022-01-29 21:18:50,1.6381,18.0667,75.85,31,36,2.01
271,Kenai,US,2022-01-29 21:18:51,60.5544,-151.2583,23.09,95,100,3.44
272,Abu Samrah,SY,2022-01-29 21:18:51,35.3029,37.1841,40.19,81,77,6.85
273,Bahia Honda,CU,2022-01-29 21:18:51,22.9036,-83.1592,66.7,54,94,15.86
274,Bambanglipuro,ID,2022-01-29 21:18:52,-7.95,110.2833,77.38,87,100,3.98
275,Ternate,ID,2022-01-29 21:19:52,0.8,127.4,78.91,84,96,6.06
276,Raga,SS,2022-01-29 21:19:53,8.4596,25.678,68.07,18,85,4.41
277,Lompoc,US,2022-01-29 21:19:14,34.6391,-120.4579,68.18,39,0,4.61
278,Iki-Burul,RU,2022-01-29 21:19:54,45.8208,44.6472,34.14,86,97,7.05
279,Prabumulih,ID,2022-01-29 21:19:54,-3.45,104.25,73.27,98,100,1.14
280,Kahului,US,2022-01-29 21:19:52,20.8947,-156.47,80.62,54,40,16.11
281,Beni Mazar,EG,2022-01-29 21:19:55,28.4962,30.8029,50.0,53,1,5.1
282,Boyolangu,ID,2022-01-29 21:18:10,-8.1181,111.8935,76.33,91,100,1.66
283,Ajdabiya,LY,2022-01-29 21:19:56,30.7554,20.2263,56.26,54,48,20.62
284,Esperance,AU,2022-01-29 21:19:56,-33.8667,121.9,64.85,79,0,12.26
285,Saint Stephen,GB,2022-01-29 21:16:02,50.3333,-4.9,48.15,88,63,8.23
286,Odienne,CI,2022-01-29 21:15:39,9.51,-7.5692,80.49,17,72,4.79
287,Sur,OM,2022-01-29 21:17:59,22.5667,59.5289,71.15,54,3,5.46
288,Chegdomyn,RU,2022-01-29 21:19:57,51.1167,133.0167,-32.49,100,100,1.45
289,Matay,EG,2022-01-29 21:19:58,28.419,30.7792,49.93,51,2,5.17
290,Chokurdakh,RU,2022-01-29 21:19:58,70.6333,147.9167,-13.09,88,100,1.61
291,Husavik,IS,2022-01-29 21:17:59,66.0449,-17.3389,33.71,77,32,19.26
292,Geraldton,AU,2022-01-29 21:19:59,-28.7667,114.6,68.41,94,0,6.91
293,Qostanay,KZ,2022-01-29 21:19:59,53.1667,63.5833,-1.91,84,0,4.47
294,Daru,PG,2022-01-29 21:19:59,-9.0763,143.2092,78.44,85,100,10.76
295,Tiksi,RU,2022-01-29 21:17:18,71.6872,128.8694,-8.61,99,53,4.79
296,Humaita,BR,2022-01-29 21:20:00,-7.5061,-63.0208,72.99,99,100,0.92
297,Save,BJ,2022-01-29 21:20:01,8.0425,2.486,85.19,15,98,7.14
298,Cockburn Town,TC,2022-01-29 21:20:02,21.4612,-71.1419,78.03,70,0,7.99
299,Mount Gambier,AU,2022-01-29 21:20:02,-37.8333,140.7667,62.51,94,100,8.05
300,Upernavik,GL,2022-01-29 21:20:02,72.7868,-56.1549,1.8,93,100,8.5
301,Awjilah,LY,2022-01-29 21:20:03,29.1081,21.2869,52.52,38,0,11.72
302,Sangar,RU,2022-01-29 21:20:03,63.9242,127.4739,-35.57,99,86,2.66
303,Ancud,CL,2022-01-29 21:20:04,-41.8697,-73.8203,68.43,84,53,12.39
304,Si Satchanalai,TH,2022-01-29 21:20:04,17.5169,99.7598,68.61,58,47,1.52
305,Kulhudhuffushi,MV,2022-01-29 21:20:05,6.6221,73.07,81.82,76,70,18.97
306,Orhei,MD,2022-01-29 21:20:05,47.3831,28.8231,30.79,87,13,4.36
307,Amapa,BR,2022-01-29 21:20:06,1.0,-52.0,73.38,98,100,3.02
308,Vaitape,PF,2022-01-29 21:19:29,-16.5167,-151.75,80.06,74,18,11.61
309,Saint-Francois,FR,2022-01-29 21:20:06,46.4154,3.9054,39.67,94,100,4.61
310,Port Macquarie,AU,2022-01-29 21:18:29,-31.4333,152.9167,72.9,78,99,2.46
311,Villarrica,PY,2022-01-29 21:20:07,-25.75,-56.4333,92.52,28,1,6.93
312,Nonthaburi,TH,2022-01-29 21:20:07,13.75,100.5,82.98,99,34,5.79
313,Porto Belo,BR,2022-01-29 21:20:08,-27.1578,-48.5531,75.16,83,100,11.88
314,Fukue,JP,2022-01-29 21:20:08,32.6881,128.8419,47.89,52,100,17.45
315,Bengkulu,ID,2022-01-29 21:20:09,-3.8004,102.2655,75.88,91,100,4.25
316,Bull Savanna,JM,2022-01-29 21:20:09,17.8868,-77.5902,81.52,56,2,8.34
317,Novopskov,UA,2022-01-29 21:20:09,49.5464,39.0899,28.78,94,99,13.73
318,Arman,RU,2022-01-29 21:16:47,59.7,150.1667,7.41,82,100,13.8
319,Khatanga,RU,2022-01-29 21:20:10,71.9667,102.5,-4.34,99,100,5.53
320,Vidim,RU,2022-01-29 21:20:11,56.4088,103.1106,-15.23,100,100,2.93
321,Birao,CF,2022-01-29 21:20:11,10.2849,22.7882,67.68,16,52,6.4
322,Taos,US,2022-01-29 21:21:12,36.4072,-105.5731,46.98,35,0,4.0
323,Severo-Yeniseyskiy,RU,2022-01-29 21:21:12,60.3725,93.0408,-2.15,99,100,3.11
324,Askino,RU,2022-01-29 21:21:12,56.0901,56.5783,5.67,96,100,4.12
325,Camopi,GF,2022-01-29 21:18:09,3.1655,-52.3158,74.52,97,75,2.75
326,Brae,GB,2022-01-29 21:18:31,60.3964,-1.353,39.11,68,59,37.38
327,Shimoda,JP,2022-01-29 21:21:13,34.6667,138.95,38.1,73,66,9.51
328,Lensk,RU,2022-01-29 21:21:14,60.7253,114.9278,-6.57,97,100,6.71
329,Harstad,NO,2022-01-29 21:21:14,68.799,16.5293,25.83,70,100,5.12
330,Nikolskoye,RU,2022-01-29 21:21:15,59.7035,30.7861,27.72,85,100,14.97
331,Skjervoy,NO,2022-01-29 21:21:15,70.0311,20.9714,27.05,60,6,10.18
332,Ranong,TH,2022-01-29 21:21:16,9.9658,98.6348,75.7,89,52,2.48
333,Paragominas,BR,2022-01-29 21:21:16,-2.9667,-47.4833,73.29,97,100,3.29
334,Hay River,CA,2022-01-29 21:21:16,60.8156,-115.7999,-2.22,78,100,9.22
335,Linfen,CN,2022-01-29 21:21:17,36.0889,111.5189,31.3,73,7,2.21
336,Dargaville,NZ,2022-01-29 21:21:17,-35.9333,173.8833,70.11,56,4,7.05
337,Port Augusta,AU,2022-01-29 21:21:18,-32.5,137.7667,76.71,53,73,8.03
338,Thai Binh,VN,2022-01-29 21:21:18,20.45,106.3333,57.2,79,100,8.72
339,Ust-Maya,RU,2022-01-29 21:21:19,60.4167,134.5333,-32.35,100,93,0.58
340,Andenes,NO,2022-01-29 21:21:19,69.3143,16.1194,26.58,63,100,18.41
341,Lorengau,PG,2022-01-29 21:21:20,-2.0226,147.2712,80.64,80,99,7.29
342,Rawson,AR,2022-01-29 21:21:20,-43.3002,-65.1023,83.1,32,62,7.85
343,Sandviken,SE,2022-01-29 21:21:20,60.6167,16.7667,37.69,92,100,6.17
344,Christchurch,NZ,2022-01-29 21:16:23,-43.5333,172.6333,71.33,73,20,5.01
345,Turukhansk,RU,2022-01-29 21:21:21,65.8167,87.9833,2.05,95,100,10.02
346,Tagusao,PH,2022-01-29 21:21:21,9.1924,117.8141,77.58,84,29,1.05
347,Boshkengash,TJ,2022-01-29 21:21:22,38.4661,68.8053,35.65,93,100,2.24
348,Sosnovo-Ozerskoye,RU,2022-01-29 21:21:22,52.5249,111.5418,-27.36,100,92,2.06
349,Whitehorse,CA,2022-01-29 21:21:23,60.7161,-135.0538,25.11,78,100,5.75
350,Raudeberg,NO,2022-01-29 21:21:23,61.9875,5.1352,39.87,75,100,49.37
351,Derzhavinsk,KZ,2022-01-29 21:21:23,51.1,66.3167,16.7,93,100,13.53
352,Kermanshah,IR,2022-01-29 21:21:24,34.3142,47.065,31.1,51,0,4.61
353,High Level,CA,2022-01-29 21:21:24,58.5169,-117.136,14.11,85,100,3.44
354,Baindur,IN,2022-01-29 21:21:25,13.8667,74.6333,79.2,57,54,6.58
355,Peque,CO,2022-01-29 21:21:25,7.0212,-75.9093,76.19,64,52,2.71
356,Faanui,PF,2022-01-29 21:21:26,-16.4833,-151.75,80.04,74,18,11.59
357,Novyy Urgal,RU,2022-01-29 21:21:26,51.0736,132.5642,-36.08,100,94,1.25
358,Burgeo,CA,2022-01-29 21:21:26,47.6167,-57.6152,34.16,96,100,42.37
359,Changji,CN,2022-01-29 21:21:27,44.0167,87.3167,-1.41,84,75,0.0
360,Georgetown,MY,2022-01-29 21:21:27,5.4112,100.3354,81.9,89,20,1.01
361,Beringovskiy,RU,2022-01-29 21:21:28,63.05,179.3167,-11.65,100,97,3.38
362,Pemangkat,ID,2022-01-29 21:19:13,1.1667,108.9667,76.46,88,100,3.42
363,Shelburne,CA,2022-01-29 21:21:29,44.0787,-80.2041,12.99,40,1,5.26
364,Barreirinhas,BR,2022-01-29 21:21:29,-2.7469,-42.8264,75.83,85,100,4.97
365,Kaputa,ZM,2022-01-29 21:21:29,-8.4689,29.6619,68.65,91,100,3.87
366,Waipawa,NZ,2022-01-29 21:21:30,-41.4122,175.5153,69.46,54,35,2.68
367,Ciudad Bolivar,VE,2022-01-29 21:22:30,8.1222,-63.5497,91.99,30,20,12.19
368,Micomeseng,GQ,2022-01-29 21:22:31,2.1462,10.6164,71.65,95,100,3.69
369,Kununurra,AU,2022-01-29 21:22:31,-15.7667,128.7333,78.78,89,100,8.05
370,Siderno,IT,2022-01-29 21:22:32,38.2779,16.302,50.59,59,2,8.41
371,San Patricio,US,2022-01-29 21:22:32,28.017,-97.5169,68.09,25,54,5.39
372,Morant Bay,JM,2022-01-29 21:22:33,17.8815,-76.4093,82.02,74,24,0.36
373,Mahebourg,MU,2022-01-29 21:22:02,-20.4081,57.7,79.25,83,20,5.75
374,Mirebalais,HT,2022-01-29 21:22:34,18.8333,-72.1053,83.12,58,81,8.34
375,Jatiroto,ID,2022-01-29 21:22:34,-7.8833,111.1167,74.17,93,100,1.83
376,Isla Aguada,MX,2022-01-29 21:22:35,18.7833,-91.4667,71.64,65,99,20.4
377,Port Blair,IN,2022-01-29 21:22:35,11.6667,92.75,77.04,83,75,2.3
378,Seydi,TM,2022-01-29 21:22:35,39.4816,62.9137,36.88,64,9,9.31
379,Susanville,US,2022-01-29 21:22:36,40.4163,-120.653,42.91,45,0,1.99
380,Cacapava Do Sul,BR,2022-01-29 21:22:36,-30.5122,-53.4914,79.93,31,0,12.53
381,Kavieng,PG,2022-01-29 21:22:37,-2.5744,150.7967,82.18,75,100,7.36
382,Kavaratti,IN,2022-01-29 21:19:17,10.5669,72.642,80.51,74,75,6.06
383,Okhotsk,RU,2022-01-29 21:22:37,59.3833,143.3,13.48,81,100,14.61
384,Diego De Almagro,CL,2022-01-29 21:22:38,-26.3667,-70.05,76.69,29,0,13.73
385,Daura,NG,2022-01-29 21:22:38,11.5538,11.4085,64.87,17,83,13.33
386,Agirish,RU,2022-01-29 21:22:39,61.9247,63.0231,4.41,95,100,4.05
387,Tutoia,BR,2022-01-29 21:22:39,-2.7619,-42.2744,84.18,80,100,5.57
388,Salinas,US,2022-01-29 21:18:31,36.6777,-121.6555,68.65,43,0,3.44
389,Sarkand,KZ,2022-01-29 21:20:24,45.41,79.9186,28.63,94,100,3.47
390,Mardin,TR,2022-01-29 21:22:40,37.3131,40.7436,30.31,93,100,0.18
391,Baturaja,ID,2022-01-29 21:22:40,-4.1333,104.1667,73.08,97,100,0.92
392,Mastic Beach,US,2022-01-29 21:19:54,40.7668,-72.8521,19.15,89,100,8.99
393,Dingle,PH,2022-01-29 21:22:41,10.9995,122.6711,74.53,91,9,1.7
394,Pasni,PK,2022-01-29 21:22:41,25.2631,63.471,69.55,77,0,7.78
395,Nampula,MZ,2022-01-29 21:20:25,-15.1165,39.2666,75.15,88,75,8.05
396,Laguna,US,2022-01-29 21:22:42,38.421,-121.4238,66.04,47,0,1.01
397,Balikpapan,ID,2022-01-29 21:22:42,-1.2675,116.8289,76.19,94,40,2.3
398,Bethel,US,2022-01-29 21:22:43,41.3712,-73.414,18.48,62,100,5.01
399,Araouane,ML,2022-01-29 21:22:43,18.9048,-3.5265,71.91,13,93,12.59
400,Kyaikto,MM,2022-01-29 21:22:44,17.3,97.0167,62.01,63,41,2.28
401,Dhana,IN,2022-01-29 21:22:44,23.75,78.85,54.3,35,0,5.46
402,Linxia,CN,2022-01-29 21:22:44,35.6003,103.2064,7.77,85,44,2.68
403,Payson,US,2022-01-29 21:22:45,40.0444,-111.7321,45.77,39,0,5.75
404,Muscatine,US,2022-01-29 21:22:45,41.4667,-91.1335,33.89,42,0,1.99
405,Praya,CV,2022-01-29 21:22:46,14.9215,-23.5087,70.34,68,75,14.97
406,Kisiwani,TZ,2022-01-29 21:22:46,-4.1333,37.95,70.23,96,100,4.29
407,Vilyuysk,RU,2022-01-29 21:22:46,63.7553,121.6247,-15.16,99,97,5.32
408,Pisco,PE,2022-01-29 21:21:39,-13.7,-76.2167,73.45,68,20,14.97
409,Ostrovnoy,RU,2022-01-29 21:22:47,68.0531,39.5131,12.7,88,99,13.15
410,Caxito,AO,2022-01-29 21:22:47,-8.5785,13.6643,76.82,91,100,1.28
411,Tautira,PF,2022-01-29 21:22:48,-17.7333,-149.15,84.22,74,100,14.07
412,Joshimath,IN,2022-01-29 21:22:48,30.5667,79.5667,36.39,46,4,8.19
413,Pio Ix,BR,2022-01-29 21:22:49,-6.8375,-40.5792,72.77,81,99,5.59
414,Acapulco,MX,2022-01-29 21:22:34,16.8634,-99.8901,84.02,65,20,9.22
415,Mehamn,NO,2022-01-29 21:20:17,71.0357,27.8492,19.35,86,75,11.5
416,Victoria,HK,2022-01-29 21:21:10,22.2855,114.1577,60.24,86,100,1.01
417,That Phanom,TH,2022-01-29 21:18:59,16.9364,104.7104,76.39,69,71,9.4
418,Port-Gentil,GA,2022-01-29 21:23:50,-0.7193,8.7815,80.56,89,20,5.75
419,Nouakchott,MR,2022-01-29 21:23:51,18.0858,-15.9785,69.73,63,100,15.3
420,Chulman,RU,2022-01-29 21:23:51,56.8479,124.9104,-9.02,96,100,8.55
421,Severo-Kurilsk,RU,2022-01-29 21:23:52,50.6789,156.125,23.59,77,90,18.97
422,Horsham,GB,2022-01-29 21:23:52,51.064,-0.3272,48.02,65,0,8.05
423,Weligama,LK,2022-01-29 21:23:52,5.9667,80.4167,77.31,87,97,6.35
424,Alta Floresta,BR,2022-01-29 21:23:53,-9.8756,-56.0861,71.08,98,100,3.49
425,Merauke,ID,2022-01-29 21:19:28,-8.4667,140.3333,80.78,76,100,9.46
426,Tole,UA,2022-01-29 21:23:54,44.7167,33.8167,34.86,80,100,4.65
427,Nakanojo,JP,2022-01-29 21:23:54,36.5833,138.85,32.56,50,55,6.55
428,Abu Kamal,SY,2022-01-29 21:23:55,34.4506,40.9171,45.91,68,6,8.32
429,Opuwo,NA,2022-01-29 21:23:55,-18.0607,13.84,70.88,41,100,5.59
430,Tonder,DK,2022-01-29 21:23:56,54.9331,8.8667,44.6,81,86,13.0
431,Pangody,RU,2022-01-29 21:23:56,65.85,74.4859,-9.72,96,99,8.37
432,Puerto Baquerizo Moreno,EC,2022-01-29 21:23:57,-0.9,-89.6,81.59,65,20,16.11
433,Asau,RO,2022-01-29 21:18:57,46.4333,26.4,29.32,88,80,7.85
434,Kirovskiy,RU,2022-01-29 21:23:57,45.0917,133.5136,-9.63,100,96,3.02
435,Shihezi,CN,2022-01-29 21:19:40,44.3,86.0333,-0.65,95,99,3.53
436,Saint-Leu,RE,2022-01-29 21:23:58,-21.15,55.2833,74.26,81,63,7.16
437,Wonthaggi,AU,2022-01-29 21:23:59,-38.6044,145.5913,69.06,88,98,14.7
438,Luau,AO,2022-01-29 21:23:59,-10.7073,22.2247,65.52,97,100,3.85
439,Romny,UA,2022-01-29 21:24:00,50.751,33.4747,24.78,94,99,9.51
440,Quba,AZ,2022-01-29 21:24:00,41.3626,48.5152,26.26,67,13,7.49
441,Ellenabad,IN,2022-01-29 21:24:01,29.45,74.65,52.77,51,8,5.82
442,Teknaf,BD,2022-01-29 21:24:01,20.8624,92.3058,55.54,75,0,9.53
443,Santa Marinella,IT,2022-01-29 21:24:01,42.0345,11.8536,49.03,54,26,8.77
444,Strezhevoy,RU,2022-01-29 21:24:02,60.7333,77.5889,-2.02,97,100,4.45
445,Talnakh,RU,2022-01-29 21:24:02,69.4865,88.3972,-0.89,97,100,9.53
446,Noumea,NC,2022-01-29 21:24:03,-22.2763,166.4572,80.01,99,50,9.31
447,Hare Bay,CA,2022-01-29 21:24:03,48.8499,-54.0148,31.35,91,100,16.44
448,Ixtapa,MX,2022-01-29 21:21:30,20.7,-105.2,78.03,61,0,8.05
449,Oussouye,SN,2022-01-29 21:24:04,12.485,-16.5469,80.78,64,97,12.8
450,Weinan,CN,2022-01-29 21:24:04,34.5036,109.5089,35.29,77,64,2.24
451,San Isidro,PE,2022-01-29 21:24:04,-12.1167,-77.05,77.5,85,40,1.99
452,Anchorage,US,2022-01-29 21:21:00,61.2181,-149.9003,29.32,84,100,8.05
453,Shingu,JP,2022-01-29 21:24:05,33.7333,135.9833,37.89,71,96,6.35
454,Mineral Wells,US,2022-01-29 21:24:05,32.8085,-98.1128,69.66,13,0,13.8
455,Singaraja,ID,2022-01-29 21:24:06,-8.112,115.0882,77.97,82,100,3.78
456,Fort Saint James,CA,2022-01-29 21:24:06,54.4333,-124.25,30.51,92,100,5.08
457,Pozo Colorado,PY,2022-01-29 21:24:07,-23.4923,-58.7972,97.48,17,0,7.05
458,Umba,RU,2022-01-29 21:24:07,66.6871,34.3429,19.76,95,100,7.34
459,Faya,SA,2022-01-29 21:24:08,18.3851,42.4509,55.51,73,0,5.48
460,Puerto Concordia,CO,2022-01-29 21:24:08,2.6221,-72.7572,93.63,30,100,7.16
461,Darnetal,FR,2022-01-29 21:24:08,49.4453,1.1514,49.55,90,100,12.66
462,Ca Mau,VN,2022-01-29 21:25:09,9.1769,105.15,73.49,86,45,2.28
463,Gao,ML,2022-01-29 21:25:09,16.6362,1.637,68.61,14,0,11.97
464,Kalmunai,LK,2022-01-29 21:23:25,7.4167,81.8167,76.48,85,21,1.34
465,Sayansk,RU,2022-01-29 21:25:10,54.1088,102.1648,-23.19,100,94,1.52
466,Reyes,BO,2022-01-29 21:25:11,-14.3167,-67.3833,78.98,90,70,1.05
467,Coquimbo,CL,2022-01-29 21:25:11,-29.9533,-71.3436,67.73,68,0,13.8
468,Ngunguru,NZ,2022-01-29 21:25:11,-35.6167,174.5,70.16,66,30,10.92
469,Galle,LK,2022-01-29 21:23:23,6.0367,80.217,78.33,85,100,6.46
470,Sampit,ID,2022-01-29 21:25:12,-2.5333,112.95,72.43,92,100,1.39
471,Fairbanks,US,2022-01-29 21:25:13,64.8378,-147.7164,-13.99,74,0,0.0
472,Kandrian,PG,2022-01-29 21:23:11,-6.2167,149.55,78.89,85,98,8.43
473,Tual,ID,2022-01-29 21:25:13,-5.6667,132.75,83.46,75,100,14.0
474,Vila Franca Do Campo,PT,2022-01-29 21:25:14,37.7167,-25.4333,59.2,74,58,8.97
475,Mankera,PK,2022-01-29 21:24:08,31.3866,71.4407,56.89,36,76,6.6
476,Nome,US,2022-01-29 21:23:33,64.5011,-165.4064,-3.84,59,0,3.44
477,Havelock,US,2022-01-29 21:25:14,34.8791,-76.9013,38.05,52,40,14.0
478,Kilindoni,TZ,2022-01-29 21:25:15,-7.9139,39.6668,78.06,84,100,7.7
479,Batagay,RU,2022-01-29 21:25:15,67.6333,134.6333,-33.93,99,100,2.64
480,Nouadhibou,MR,2022-01-29 21:25:16,20.931,-17.0347,64.38,77,100,16.11
481,Viloco,BO,2022-01-29 21:25:16,-16.95,-67.55,54.37,69,88,6.33
482,Berlevag,NO,2022-01-29 21:25:15,70.8578,29.0864,19.4,79,98,5.84
483,Gambela,ET,2022-01-29 21:25:17,8.25,34.5833,84.6,29,42,4.21
484,Port Hardy,CA,2022-01-29 21:22:14,50.6996,-127.4199,46.76,87,100,21.85
485,Menongue,AO,2022-01-29 21:25:17,-14.6585,17.691,62.76,98,100,2.68
486,Cochrane,CA,2022-01-29 21:25:18,51.1834,-114.4687,47.03,21,100,13.8
487,Hobyo,SO,2022-01-29 21:25:18,5.3505,48.5268,76.84,78,17,23.15
488,Sulphur,US,2022-01-29 21:25:19,30.2366,-93.3774,58.98,39,0,8.05
489,Thinadhoo,MV,2022-01-29 21:25:19,0.5333,72.9333,81.23,72,100,4.74
490,Reo,BF,2022-01-29 21:25:19,12.3167,-2.4667,77.79,14,6,9.89
491,Baltasi,RU,2022-01-29 21:25:20,56.3462,50.2062,10.99,95,100,7.74
492,Zahir Pir,PK,2022-01-29 21:25:20,28.8124,70.524,58.89,25,73,6.85
493,Koumac,NC,2022-01-29 21:25:21,-20.5667,164.2833,81.43,80,55,5.77
494,Aksarka,RU,2022-01-29 21:25:21,66.5606,67.7975,-17.79,100,100,6.64
495,North Bend,US,2022-01-29 21:25:22,43.4065,-124.2243,55.87,83,0,6.91
496,Bulaevo,KZ,2022-01-29 21:25:22,54.9056,70.4439,3.72,90,100,7.83
497,Nemuro,JP,2022-01-29 21:25:22,43.3236,145.575,17.29,76,57,17.16
498,Winnemucca,US,2022-01-29 21:25:23,40.973,-117.7357,48.25,25,0,0.0
499,Shache,CN,2022-01-29 21:25:23,38.4167,77.2406,25.72,44,12,2.71
500,Colares,PT,2022-01-29 21:25:24,38.7992,-9.4469,59.9,40,9,5.01
501,Muroto,JP,2022-01-29 21:25:24,33.2833,134.15,44.64,64,99,6.8
502,Kimbe,PG,2022-01-29 21:25:25,-5.5502,150.1429,77.22,91,100,2.21
503,Rocha,UY,2022-01-29 21:22:55,-34.4833,-54.3333,74.93,59,8,12.17
504,Sorong,ID,2022-01-29 21:25:25,-0.8833,131.25,80.46,79,100,8.28
505,Tessalit,ML,2022-01-29 21:25:26,20.1986,1.0114,69.21,14,72,12.71
506,Mercedes,AR,2022-01-29 21:25:26,-34.6515,-59.4307,83.77,36,86,6.35
507,Harper,LR,2022-01-29 21:25:26,4.375,-7.7169,79.97,86,61,6.2
508,Milkovo,RU,2022-01-29 21:25:27,54.7167,158.6167,19.63,97,100,1.7
509,El Sauzal,MX,2022-01-29 21:26:28,31.9,-116.6833,65.41,38,90,7.2
510,Morondava,MG,2022-01-29 21:26:28,-20.2833,44.2833,81.39,77,3,11.48
511,Santa Isabel Do Rio Negro,BR,2022-01-29 21:26:28,-0.4139,-65.0192,81.3,84,100,1.66
512,Dunmore East,IE,2022-01-29 21:26:29,52.1514,-6.9861,44.24,79,0,3.44
513,Dukat,RU,2022-01-29 21:26:29,62.55,155.55,-8.54,98,100,3.24
514,Qasigiannguit,GL,2022-01-29 21:26:30,68.8193,-51.1922,12.45,72,88,15.1
515,Nushki,PK,2022-01-29 21:26:30,29.5542,66.0215,55.35,40,85,4.5
516,Otradnoye,RU,2022-01-29 21:26:30,59.7775,30.8181,27.88,86,100,14.94
517,Mozarlandia,BR,2022-01-29 21:26:31,-14.7447,-50.5706,76.44,90,82,7.52
518,Khasan,RU,2022-01-29 21:26:31,42.4308,130.6434,18.01,50,0,12.91
519,Champerico,GT,2022-01-29 21:26:32,14.3,-91.9167,91.94,63,3,12.73
520,Solenzo,BF,2022-01-29 21:26:32,12.1833,-4.0833,80.28,13,12,6.85
521,Hervey Bay,AU,2022-01-29 21:26:32,-25.2986,152.8535,79.02,86,72,10.0
522,Tigil,RU,2022-01-29 21:26:33,57.8,158.6667,25.29,77,100,10.31
523,Kasba,IN,2022-01-29 21:26:33,25.85,87.55,52.52,57,0,6.87
524,Baghdad,IQ,2022-01-29 21:26:34,33.3406,44.4009,42.71,65,0,4.61
525,Valparaiso,CL,2022-01-29 21:26:34,-33.0393,-71.6273,75.43,55,20,13.8
526,Lucea,JM,2022-01-29 21:26:35,18.451,-78.1736,78.85,71,7,13.24
527,Afyonkarahisar,TR,2022-01-29 21:26:35,38.75,30.6667,18.88,93,100,1.48
528,Dubbo,AU,2022-01-29 21:25:31,-32.25,148.6167,73.53,83,100,13.8
529,Ambilobe,MG,2022-01-29 21:26:36,-13.2,49.05,74.1,95,65,1.5
530,Uray,RU,2022-01-29 21:26:36,60.1247,64.7758,-3.86,100,100,3.6
531,Catuday,PH,2022-01-29 21:26:36,16.2923,119.8062,78.19,80,60,11.74
532,Hasaki,JP,2022-01-29 21:26:37,35.7333,140.8333,28.8,61,65,19.8
533,Verkhoyansk,RU,2022-01-29 21:26:37,67.5447,133.385,-33.29,100,100,1.59
534,Roros,NO,2022-01-29 21:26:38,62.5747,11.3842,26.44,80,100,23.02
535,Panzhihua,CN,2022-01-29 21:26:38,26.5851,101.7128,41.94,56,0,1.68
536,Tura,IN,2022-01-29 21:26:38,25.5198,90.2201,50.61,59,0,2.48
537,Kidal,ML,2022-01-29 21:26:39,18.4411,1.4078,69.53,11,19,11.07
538,Inuvik,CA,2022-01-29 21:26:39,68.3499,-133.7218,-15.74,76,20,2.3
539,Dakar,SN,2022-01-29 21:25:13,14.6937,-17.4441,71.73,73,0,13.8
540,Taveta,KE,2022-01-29 21:26:40,-3.3963,37.6736,73.78,71,100,7.76
541,Istria,RO,2022-01-29 21:26:40,44.5667,28.7167,34.38,73,37,6.24
542,San Rafael,AR,2022-01-29 21:23:25,-34.6177,-68.3301,90.95,24,0,16.93
543,Lata,PT,2022-01-29 21:26:41,40.1629,-8.3327,50.41,52,0,5.21
544,Tawang,IN,2022-01-29 21:26:42,27.5833,91.8667,22.89,72,32,6.11
545,Coihaique,CL,2022-01-29 21:23:57,-45.5752,-72.0662,58.95,72,100,6.91
546,Natal,BR,2022-01-29 21:26:42,-5.795,-35.2094,80.82,83,40,5.75
