City_ID,City,Country,Date,Lat,Lng,Max Temp,Humidity,Cloudiness,Wind Speed,Current Conditions
0,Kalmunai,LK,2022-01-30 22:04:17,7.4167,81.8167,76.33,88,50,5.06,scattered clouds
1,Punta Arenas,CL,2022-01-30 22:04:17,-53.15,-70.9167,51.91,50,75,23.02,broken clouds
2,Hilo,US,2022-01-30 22:02:19,19.7297,-155.09,78.12,58,83,5.01,broken clouds
3,Longyearbyen,SJ,2022-01-30 22:04:18,78.2186,15.6401,8.44,61,0,20.71,clear sky
4,Albany,US,2022-01-30 22:01:50,42.6001,-73.9662,19.15,41,11,4.0,few clouds
5,Ushuaia,AR,2022-01-30 22:01:32,-54.8,-68.3,48.72,56,64,9.35,broken clouds
6,Ribeira Grande,PT,2022-01-30 22:04:19,38.5167,-28.7,59.13,73,47,26.37,scattered clouds
7,Atuona,PF,2022-01-30 22:02:49,-9.8,-139.0333,78.08,77,11,13.69,light rain
8,Port Alfred,ZA,2022-01-30 22:04:19,-33.5906,26.891,73.78,88,97,17.18,overcast clouds
9,Rikitea,PF,2022-01-30 22:01:23,-23.1203,-134.9692,76.55,69,100,4.16,overcast clouds
10,Kunyang,CN,2022-01-30 22:00:15,27.6658,120.5658,36.63,76,2,4.27,clear sky
11,Carballo,ES,2022-01-30 22:04:20,43.213,-8.691,47.62,82,0,1.21,clear sky
12,Marsa Matruh,EG,2022-01-30 22:04:20,31.3525,27.2453,55.4,74,62,15.97,broken clouds
13,Vaini,TO,2022-01-30 22:04:21,-21.2,-175.2,80.15,77,100,12.71,light rain
14,Sao Filipe,CV,2022-01-30 22:04:21,14.8961,-24.4956,70.99,74,99,14.36,overcast clouds
15,Bluff,NZ,2022-01-30 22:02:12,-46.6,168.3333,68.81,85,93,4.43,overcast clouds
16,Tura,IN,2022-01-30 22:04:22,25.5198,90.2201,51.78,59,2,3.31,clear sky
17,Salalah,OM,2022-01-30 22:01:02,17.0151,54.0924,68.04,68,13,1.88,few clouds
18,Arraial Do Cabo,BR,2022-01-30 22:04:23,-22.9661,-42.0278,76.86,88,75,10.36,light rain
19,Fairbanks,US,2022-01-30 22:04:23,64.8378,-147.7164,-8.09,74,0,0.0,clear sky
20,Cape Town,ZA,2022-01-30 22:04:23,-33.9258,18.4232,73.81,77,0,3.0,clear sky
21,Guerrero Negro,MX,2022-01-30 22:04:24,27.9769,-114.0611,65.1,52,90,14.0,overcast clouds
22,Mar Del Plata,AR,2022-01-30 22:00:09,-38.0023,-57.5575,66.87,86,40,18.99,thunderstorm with light rain
23,Mahebourg,MU,2022-01-30 22:04:25,-20.4081,57.7,79.09,94,75,11.5,light intensity shower rain
24,Kapaa,US,2022-01-30 22:01:38,22.0752,-159.319,80.58,75,12,4.0,few clouds
25,Llandrindod Wells,GB,2022-01-30 22:04:25,52.2416,-3.3787,47.91,83,88,26.33,overcast clouds
26,Jamestown,US,2022-01-30 22:04:26,42.097,-79.2353,20.52,55,100,3.0,overcast clouds
27,Palembang,ID,2022-01-30 22:01:42,-2.9167,104.7458,77.09,94,20,2.3,few clouds
28,Dikson,RU,2022-01-30 22:04:27,73.5069,80.5464,-3.62,93,100,21.07,overcast clouds
29,Akyab,MM,2022-01-30 22:04:27,20.15,92.9,58.62,64,0,9.69,clear sky
30,Saldanha,ZA,2022-01-30 22:04:27,-33.0117,17.9442,65.32,92,87,8.72,overcast clouds
31,Tamandare,BR,2022-01-30 22:04:28,-8.7597,-35.1047,79.36,80,98,8.52,overcast clouds
32,Port Lincoln,AU,2022-01-30 22:02:13,-34.7333,135.8667,67.14,82,47,9.22,scattered clouds
33,Krasnorechenskiy,RU,2022-01-30 22:04:28,44.6265,135.3532,-5.64,93,66,6.67,broken clouds
34,Sitka,US,2022-01-30 22:02:43,57.0531,-135.33,36.46,95,99,1.74,overcast clouds
35,Yarmouth,US,2022-01-30 22:04:29,41.7057,-70.2286,22.96,85,53,14.72,broken clouds
36,Canberra,AU,2022-01-30 22:00:16,-35.2835,149.1281,70.27,91,100,2.3,overcast clouds
37,Kamenka,RU,2022-01-30 22:04:30,51.3223,42.7678,26.74,95,100,13.76,light snow
38,Pamekasan,ID,2022-01-30 22:04:30,-7.1568,113.4746,77.67,88,100,7.83,moderate rain
39,Ambovombe,MG,2022-01-30 22:04:31,-25.1667,46.0833,72.91,78,73,15.28,broken clouds
40,Padang,ID,2022-01-30 22:04:31,-0.9492,100.3543,75.25,89,100,3.96,moderate rain
41,Rawang,MY,2022-01-30 22:04:31,3.3213,101.5767,77.23,92,81,1.88,broken clouds
42,Goure,NE,2022-01-30 22:04:32,13.9835,10.2704,65.01,14,6,11.5,clear sky
43,Isangel,VU,2022-01-30 22:03:40,-19.55,169.2667,77.27,94,100,9.78,overcast clouds
44,Auki,SB,2022-01-30 22:05:33,-8.7676,160.7034,81.81,80,99,1.95,overcast clouds
45,Clyde River,CA,2022-01-30 22:01:10,70.4692,-68.5914,-25.37,68,100,5.75,overcast clouds
46,Severo-Kurilsk,RU,2022-01-30 22:03:01,50.6789,156.125,27.75,95,100,11.05,snow
47,Dingle,PH,2022-01-30 22:01:01,10.9995,122.6711,73.74,94,66,3.74,broken clouds
48,Busselton,AU,2022-01-30 22:01:29,-33.65,115.3333,64.09,64,90,18.16,overcast clouds
49,Chokurdakh,RU,2022-01-30 22:01:03,70.6333,147.9167,-29.99,93,16,2.8,few clouds
50,Farafenni,GM,2022-01-30 22:05:34,13.5667,-15.6,88.43,12,85,7.45,overcast clouds
51,Ayr,GB,2022-01-30 22:05:34,55.4627,-4.6339,44.58,81,75,34.52,moderate rain
52,Cidreira,BR,2022-01-30 22:02:42,-30.1811,-50.2056,73.87,70,6,18.28,clear sky
53,Qaanaaq,GL,2022-01-30 22:05:35,77.484,-69.3632,-8.9,69,100,5.48,overcast clouds
54,Preobrazheniye,RU,2022-01-30 22:05:35,42.9019,133.9064,11.08,70,3,7.96,clear sky
55,Upernavik,GL,2022-01-30 22:01:28,72.7868,-56.1549,-3.71,87,100,6.26,overcast clouds
56,Iruma,JP,2022-01-30 22:05:36,35.8171,139.3643,37.49,49,0,10.0,clear sky
57,Barrow,US,2022-01-30 22:02:32,71.2906,-156.7887,-7.58,84,100,10.36,snow
58,Bredasdorp,ZA,2022-01-30 22:05:37,-34.5322,20.0403,69.28,90,85,10.4,overcast clouds
59,Mandalgovi,MN,2022-01-30 22:05:37,45.7625,106.2708,-1.68,82,9,8.48,clear sky
60,Altinho,BR,2022-01-30 22:05:38,-8.4897,-36.0594,74.71,77,66,10.11,broken clouds
61,Mataura,NZ,2022-01-30 22:01:31,-46.1927,168.8643,68.49,68,48,0.47,scattered clouds
62,Leningradskiy,RU,2022-01-30 22:05:38,69.3833,178.4167,-14.04,94,90,3.74,overcast clouds
63,Thompson,CA,2022-01-30 22:02:19,55.7435,-97.8558,4.91,92,100,5.97,overcast clouds
64,Bantogon,PH,2022-01-30 22:05:39,6.5333,124.0333,77.63,78,13,4.85,few clouds
65,Saint-Philippe,RE,2022-01-30 22:05:39,-21.3585,55.7679,78.39,82,46,11.36,scattered clouds
66,Faanui,PF,2022-01-30 22:03:58,-16.4833,-151.75,80.6,72,11,9.1,few clouds
67,Paso De Ovejas,MX,2022-01-30 22:04:18,19.2833,-96.4333,75.02,64,65,8.7,broken clouds
68,New Norfolk,AU,2022-01-30 22:02:42,-42.7826,147.0587,68.76,72,4,2.37,clear sky
69,Nishihara,JP,2022-01-30 22:05:40,26.1842,127.7558,58.28,55,75,13.8,broken clouds
70,Yellowknife,CA,2022-01-30 22:01:16,62.456,-114.3525,-6.59,83,100,8.99,overcast clouds
71,Berlevag,NO,2022-01-30 22:04:00,70.8578,29.0864,30.2,93,100,6.91,snow
72,Lebu,CL,2022-01-30 22:01:39,-37.6167,-73.65,60.28,65,0,20.49,clear sky
73,Flinders,AU,2022-01-30 22:05:41,-34.5833,150.8552,79.38,76,20,7.0,few clouds
74,Norman Wells,CA,2022-01-30 22:05:42,65.282,-126.8329,-11.2,97,99,6.53,overcast clouds
75,Antalaha,MG,2022-01-30 22:05:42,-14.9003,50.2788,75.33,86,16,7.78,few clouds
76,Ponta Do Sol,PT,2022-01-30 22:05:43,32.6667,-17.1,65.12,39,1,9.37,clear sky
77,Butaritari,KI,2022-01-30 22:03:57,3.0707,172.7902,82.04,76,17,20.92,light rain
78,Constitucion,CL,2022-01-30 22:05:43,-35.3333,-72.4167,65.75,67,5,19.95,clear sky
79,Armidale,AU,2022-01-30 22:05:44,-30.5167,151.65,70.81,66,12,1.97,few clouds
80,Sorland,NO,2022-01-30 22:05:44,67.667,12.6934,30.27,44,91,6.82,overcast clouds
81,Praia Da Vitoria,PT,2022-01-30 22:05:45,38.7333,-27.0667,58.75,84,48,24.05,scattered clouds
82,Hithadhoo,MV,2022-01-30 22:05:45,-0.6,73.0833,81.55,70,86,9.4,overcast clouds
83,Peterhead,GB,2022-01-30 22:05:45,57.5058,-1.7981,43.2,89,100,13.8,overcast clouds
84,Naron,ES,2022-01-30 22:05:46,43.5167,-8.1528,48.67,83,0,7.11,clear sky
85,Vardo,NO,2022-01-30 22:05:46,70.3705,31.1107,28.15,80,40,10.36,scattered clouds
86,Ouahigouya,BF,2022-01-30 22:05:47,13.5828,-2.4216,73.51,12,44,11.01,scattered clouds
87,Port Elizabeth,ZA,2022-01-30 22:03:18,-33.918,25.5701,71.1,90,94,10.38,overcast clouds
88,Faya,SA,2022-01-30 22:05:47,18.3851,42.4509,52.32,84,11,4.23,few clouds
89,North Platte,US,2022-01-30 22:05:48,41.1239,-100.7654,60.69,17,0,5.01,clear sky
90,East London,ZA,2022-01-30 22:02:41,-33.0153,27.9116,74.61,83,83,15.01,broken clouds
91,Lata,PT,2022-01-30 22:05:48,40.1629,-8.3327,46.81,55,99,3.15,overcast clouds
92,Cherskiy,RU,2022-01-30 22:06:49,68.75,161.3,-27.58,99,98,1.05,overcast clouds
93,Vila Franca Do Campo,PT,2022-01-30 22:06:49,37.7167,-25.4333,59.41,80,47,15.12,scattered clouds
94,San Patricio,US,2022-01-30 22:06:49,28.017,-97.5169,71.69,54,45,13.47,scattered clouds
95,Olinda,BR,2022-01-30 22:03:02,-8.0089,-34.8553,83.93,70,75,9.22,broken clouds
96,Komsomolskiy,UZ,2022-01-30 22:04:48,40.4272,71.7189,29.62,60,100,1.59,overcast clouds
97,Sola,VU,2022-01-30 22:06:50,-13.8833,167.55,79.47,83,100,3.44,overcast clouds
98,Klaksvik,FO,2022-01-30 22:05:08,62.2266,-6.589,36.52,78,100,41.85,overcast clouds
99,Huilong,CN,2022-01-30 22:06:51,31.8111,121.655,36.03,70,4,4.92,clear sky
100,Victoria,HK,2022-01-30 22:01:53,22.2855,114.1577,58.32,77,86,1.99,overcast clouds
101,Bathsheba,BB,2022-01-30 22:06:52,13.2167,-59.5167,79.41,69,40,13.8,scattered clouds
102,Karasjok,NO,2022-01-30 22:06:52,69.4719,25.5112,5.11,99,20,2.82,few clouds
103,Pandan,PH,2022-01-30 22:04:52,14.0453,124.1694,77.02,88,35,12.68,scattered clouds
104,Te Anau,NZ,2022-01-30 22:06:53,-45.4167,167.7167,66.97,70,21,0.67,few clouds
105,Fortuna,US,2022-01-30 22:06:53,40.5982,-124.1573,60.42,73,0,1.99,clear sky
106,Grindavik,IS,2022-01-30 22:02:32,63.8424,-22.4338,27.07,68,75,36.82,light shower snow
107,Kaeo,NZ,2022-01-30 22:06:54,-35.1,173.7833,72.32,77,99,14.61,overcast clouds
108,Panjakent,TJ,2022-01-30 22:06:54,39.4952,67.6093,28.2,57,1,4.52,clear sky
109,Avarua,CK,2022-01-30 22:02:18,-21.2078,-159.775,73.45,94,75,6.91,light rain
110,Lasa,IT,2022-01-30 22:06:55,46.6166,10.7002,35.69,46,13,6.78,few clouds
111,Toowoomba,AU,2022-01-30 22:06:56,-27.55,151.9667,72.25,82,20,1.99,few clouds
112,Bambous Virieux,MU,2022-01-30 22:06:56,-20.3428,57.7575,79.05,94,75,11.5,light intensity shower rain
113,Hamilton,US,2022-01-30 22:06:10,39.1834,-84.5333,39.72,58,0,1.99,clear sky
114,Huejuquilla El Alto,MX,2022-01-30 22:06:57,22.6,-103.8667,73.22,15,98,19.06,overcast clouds
115,Puerto Penasco,MX,2022-01-30 22:04:03,31.3167,-113.5333,62.91,52,0,5.01,clear sky
116,Ballina,AU,2022-01-30 22:06:13,-28.8667,153.5667,77.04,96,52,8.43,broken clouds
117,Cayenne,GF,2022-01-30 22:06:58,4.9333,-52.3333,78.1,87,24,11.01,few clouds
118,Castro,BR,2022-01-30 22:06:31,-24.7911,-50.0119,63.91,97,98,8.19,overcast clouds
119,Carnarvon,AU,2022-01-30 22:06:34,-24.8667,113.6333,77.52,73,57,21.47,broken clouds
120,Kruisfontein,ZA,2022-01-30 22:06:55,-34.0033,24.7314,68.88,96,80,5.3,broken clouds
121,Puerto Ayora,EC,2022-01-30 22:06:59,-0.7393,-90.3518,82.36,73,100,8.79,overcast clouds
122,San Policarpo,PH,2022-01-30 22:07:00,12.1791,125.5072,77.74,85,42,2.71,scattered clouds
123,Kaitangata,NZ,2022-01-30 22:05:41,-46.2817,169.8464,68.94,75,16,0.29,few clouds
124,Hervey Bay,AU,2022-01-30 22:07:01,-25.2986,152.8535,82.04,79,19,9.22,few clouds
125,Hasaki,JP,2022-01-30 22:02:49,35.7333,140.8333,30.6,48,100,16.82,overcast clouds
126,Tuktoyaktuk,CA,2022-01-30 22:06:49,69.4541,-133.0374,-4.22,96,100,17.13,overcast clouds
127,Saint George,US,2022-01-30 22:02:51,37.1041,-113.5841,60.44,17,0,1.01,clear sky
128,Barabai,ID,2022-01-30 22:07:01,-2.5833,115.3833,73.8,92,99,1.28,overcast clouds
129,Bandarbeyla,SO,2022-01-30 22:03:52,9.4942,50.8122,75.54,76,96,15.9,overcast clouds
130,Greytown,ZA,2022-01-30 22:07:02,-29.0642,30.5928,61.57,92,100,1.99,overcast clouds
131,Hargeysa,SO,2022-01-30 22:05:18,9.56,44.065,53.69,87,11,11.1,few clouds
132,Tautira,PF,2022-01-30 22:07:03,-17.7333,-149.15,84.0,75,94,11.48,overcast clouds
133,Ulaanbaatar,MN,2022-01-30 22:07:03,47.9077,106.8832,-21.87,76,0,4.47,clear sky
134,Umm Lajj,SA,2022-01-30 22:07:04,25.0213,37.2685,64.65,60,87,9.28,overcast clouds
135,Trelew,AR,2022-01-30 22:07:04,-43.249,-65.3051,61.88,32,78,15.1,broken clouds
136,Praia,CV,2022-01-30 22:05:07,14.9215,-23.5087,70.34,68,75,20.71,broken clouds
137,Aklavik,CA,2022-01-30 22:07:05,68.2191,-135.0107,0.3,97,100,4.54,overcast clouds
138,Port Macquarie,AU,2022-01-30 22:07:05,-31.4333,152.9167,77.9,77,8,4.59,clear sky
139,Juba,SS,2022-01-30 22:08:06,4.8517,31.5825,79.18,24,44,3.69,scattered clouds
140,Poum,NC,2022-01-30 22:06:34,-20.2333,164.0167,80.26,75,97,8.97,overcast clouds
141,Pirapora,BR,2022-01-30 22:08:06,-17.345,-44.9419,76.71,73,96,3.49,overcast clouds
142,Santiago Del Estero,AR,2022-01-30 22:08:07,-27.7951,-64.2615,93.94,26,3,4.03,clear sky
143,Pospelikha,RU,2022-01-30 22:08:07,51.95,81.7667,10.94,89,75,6.89,broken clouds
144,Calabozo,VE,2022-01-30 22:08:08,8.9242,-67.4293,92.1,20,19,8.81,few clouds
145,Umm Kaddadah,SD,2022-01-30 22:08:08,13.6017,26.6876,57.42,17,0,14.43,clear sky
146,Luderitz,NA,2022-01-30 22:08:08,-26.6481,15.1594,64.98,87,75,8.39,broken clouds
147,Taoudenni,ML,2022-01-30 22:07:11,22.6783,-3.9836,73.31,14,87,15.61,overcast clouds
148,Krian,ID,2022-01-30 22:08:09,-7.4104,112.5792,76.82,91,100,5.1,overcast clouds
149,Asau,RO,2022-01-30 22:08:10,46.4333,26.4,40.39,67,99,18.52,overcast clouds
150,Saint-Pierre,RE,2022-01-30 22:06:11,-21.3393,55.4781,78.48,73,11,11.5,few clouds
151,Bombay,IN,2022-01-30 22:07:27,19.0144,72.8479,71.58,60,0,0.0,smoke
152,La Ronge,CA,2022-01-30 22:08:11,55.1001,-105.2842,14.61,93,99,3.85,overcast clouds
153,Kharan,PK,2022-01-30 22:08:11,28.5833,65.4167,59.02,38,0,6.24,clear sky
154,Wegorzewo,PL,2022-01-30 22:08:12,54.2157,21.7372,29.73,91,100,27.85,light snow
155,Kosh-Agach,RU,2022-01-30 22:08:12,50.0,88.6667,-23.26,81,50,2.73,scattered clouds
156,Srednekolymsk,RU,2022-01-30 22:08:12,67.45,153.6833,-27.63,100,100,3.69,overcast clouds
157,Cumberland,US,2022-01-30 22:08:13,35.0502,-78.8664,48.63,32,0,1.99,clear sky
158,Khatanga,RU,2022-01-30 22:04:49,71.9667,102.5,-5.91,98,99,9.71,overcast clouds
159,Hermanus,ZA,2022-01-30 22:05:52,-34.4187,19.2345,71.91,86,97,12.95,overcast clouds
160,Mormugao,IN,2022-01-30 22:08:14,15.4,73.8,72.9,65,11,8.52,few clouds
161,Namatanai,PG,2022-01-30 22:08:14,-3.6667,152.4333,81.3,77,100,3.29,overcast clouds
162,Petropavl,KZ,2022-01-30 22:08:15,54.8753,69.1628,9.46,95,100,8.12,light snow
163,Tiksi,RU,2022-01-30 22:08:15,71.6872,128.8694,-18.11,100,96,4.45,overcast clouds
164,Hobart,AU,2022-01-30 22:07:35,-42.8794,147.3294,69.12,79,20,6.91,few clouds
165,Georgetown,MY,2022-01-30 22:03:46,5.4112,100.3354,80.89,86,20,0.0,few clouds
166,Torbay,CA,2022-01-30 22:06:56,47.6666,-52.7314,39.38,82,100,7.0,overcast clouds
167,Elmina,GH,2022-01-30 22:08:16,5.0898,-1.348,78.64,81,96,6.62,overcast clouds
168,Alofi,NU,2022-01-30 22:08:16,-19.0595,-169.9187,73.87,87,100,8.57,moderate rain
169,Yarega,RU,2022-01-30 22:08:17,63.4354,53.5765,-2.09,99,100,2.33,overcast clouds
170,Nicoya,CR,2022-01-30 22:08:18,10.1483,-85.452,83.75,46,26,15.9,scattered clouds
171,Mantua,IT,2022-01-30 22:08:18,45.1667,10.7833,44.28,77,0,6.08,clear sky
172,Glens Falls,US,2022-01-30 22:08:18,43.3095,-73.644,20.59,42,0,1.01,clear sky
173,Vostok,RU,2022-01-30 22:08:19,46.4856,135.8833,-21.87,99,66,3.49,broken clouds
174,Bilibino,RU,2022-01-30 22:06:45,68.0546,166.4372,-12.64,96,75,5.12,broken clouds
175,Pemberton,CA,2022-01-30 22:08:20,50.3164,-122.8027,43.68,99,100,5.03,overcast clouds
176,Pisco,PE,2022-01-30 22:08:20,-13.7,-76.2167,73.45,68,75,4.61,broken clouds
177,Itai,BR,2022-01-30 22:08:20,-23.4178,-49.0906,66.27,98,100,9.1,overcast clouds
178,Sao Joao Da Barra,BR,2022-01-30 22:08:21,-21.6403,-41.0511,76.77,89,9,9.26,clear sky
179,Sal Rei,CV,2022-01-30 22:08:21,16.1833,-22.9167,68.56,74,100,22.57,overcast clouds
180,Nome,US,2022-01-30 22:06:34,64.5011,-165.4064,-4.85,77,0,0.0,clear sky
181,Chuy,UY,2022-01-30 22:06:43,-33.6971,-53.4616,73.56,68,20,14.29,few clouds
182,Shimoda,JP,2022-01-30 22:08:22,34.6667,138.95,35.1,66,99,8.84,overcast clouds
183,Mocuba,MZ,2022-01-30 22:08:23,-16.8392,36.9856,70.95,98,11,0.56,few clouds
184,Karagay,RU,2022-01-30 22:09:23,58.2667,54.9368,1.33,100,96,3.15,overcast clouds
185,Agirish,RU,2022-01-30 22:09:23,61.9247,63.0231,-8.37,100,99,2.15,overcast clouds
186,North Battleford,CA,2022-01-30 22:09:24,52.7834,-108.2847,27.41,92,22,3.33,few clouds
187,Barcelona,ES,2022-01-30 22:07:28,41.3888,2.159,57.69,42,0,1.99,clear sky
188,Lompoc,US,2022-01-30 22:04:48,34.6391,-120.4579,75.02,42,0,19.57,clear sky
189,Pangnirtung,CA,2022-01-30 22:06:53,66.1451,-65.7125,-21.03,84,94,5.77,overcast clouds
190,Nikolskoye,RU,2022-01-30 22:09:05,59.7035,30.7861,27.39,96,100,6.24,snow
191,Namibe,AO,2022-01-30 22:07:37,-15.1961,12.1522,73.26,71,100,5.23,overcast clouds
192,Coahuayana,MX,2022-01-30 22:04:56,18.7333,-103.6833,90.88,30,0,7.0,clear sky
193,Tucuma,BR,2022-01-30 22:09:25,-0.1833,-50.05,75.36,91,89,6.38,overcast clouds
194,Viedma,AR,2022-01-30 22:09:26,-40.8135,-62.9967,69.15,18,64,20.69,broken clouds
195,Yulara,AU,2022-01-30 22:09:26,-25.2406,130.9889,74.82,81,100,17.81,overcast clouds
196,Ixtapa,MX,2022-01-30 22:09:27,20.7,-105.2,76.23,73,0,12.66,clear sky
197,Souillac,MU,2022-01-30 22:09:27,-20.5167,57.5167,79.18,94,75,11.5,light intensity shower rain
198,Rzeszow,PL,2022-01-30 22:09:28,50.0413,21.999,37.33,90,75,10.0,broken clouds
199,Broome,US,2022-01-30 22:04:56,42.2506,-75.833,19.98,66,75,6.91,broken clouds
200,Pevek,RU,2022-01-30 22:09:29,69.7008,170.3133,-13.88,96,99,1.99,overcast clouds
201,Macapa,BR,2022-01-30 22:09:29,0.0389,-51.0664,76.98,94,100,9.22,moderate rain
202,Homer,US,2022-01-30 22:09:30,59.6425,-151.5483,24.67,85,75,4.61,broken clouds
203,Faizpur,IN,2022-01-30 22:09:30,21.1667,75.85,64.49,29,3,2.55,clear sky
204,Cabo San Lucas,MX,2022-01-30 22:04:51,22.8909,-109.9124,79.61,60,20,1.99,few clouds
205,Kahului,US,2022-01-30 22:09:31,20.8947,-156.47,82.42,59,20,18.41,few clouds
206,Crotone,IT,2022-01-30 22:09:31,39.0851,17.1178,48.87,60,0,4.45,clear sky
207,Kodiak,US,2022-01-30 22:09:31,57.79,-152.4072,26.11,68,0,13.8,clear sky
208,Vredendal,ZA,2022-01-30 22:09:32,-31.6683,18.5012,75.76,52,97,3.69,overcast clouds
209,Arlit,NE,2022-01-30 22:09:32,18.7369,7.3853,65.23,14,1,16.04,clear sky
210,Along,IN,2022-01-30 22:09:33,28.1667,94.7667,43.92,80,13,1.34,few clouds
211,Saint-Augustin,CA,2022-01-30 22:09:33,51.226,-58.6502,17.67,88,99,32.17,overcast clouds
212,Fort Walton Beach,US,2022-01-30 22:07:35,30.4058,-86.6188,61.66,50,0,13.0,clear sky
213,Richards Bay,ZA,2022-01-30 22:05:07,-28.783,32.0377,71.04,87,98,5.73,overcast clouds
214,Huangchuan,CN,2022-01-30 22:09:34,32.1272,115.0394,35.92,82,100,4.59,overcast clouds
215,Hambantota,LK,2022-01-30 22:09:34,6.1241,81.1185,75.54,100,0,2.3,clear sky
216,Valparaiso,CL,2022-01-30 22:09:35,-33.0393,-71.6273,73.63,65,0,9.22,clear sky
217,Chulumani,BO,2022-01-30 22:09:35,-16.4096,-67.5263,69.37,87,90,2.15,overcast clouds
218,Texarkana,US,2022-01-30 22:09:36,33.4251,-94.0477,70.02,18,0,5.99,clear sky
219,Bowen,AU,2022-01-30 22:09:36,-20.0167,148.2333,80.67,79,44,8.52,scattered clouds
220,Kavieng,PG,2022-01-30 22:09:37,-2.5744,150.7967,81.64,75,89,2.28,overcast clouds
221,Tinskoy,RU,2022-01-30 22:09:37,56.1525,96.9161,-6.23,100,99,1.5,overcast clouds
222,Ahipara,NZ,2022-01-30 22:09:37,-35.1667,173.1667,74.28,56,97,13.11,overcast clouds
223,Ternate,ID,2022-01-30 22:08:43,0.8,127.4,79.47,78,99,10.22,overcast clouds
224,Aksay,RU,2022-01-30 22:09:38,47.26,39.87,35.82,92,100,11.01,overcast clouds
225,Puerto Del Rosario,ES,2022-01-30 22:09:38,28.5004,-13.8627,65.88,63,0,10.36,haze
226,Bengkulu,ID,2022-01-30 22:07:26,-3.8004,102.2655,75.72,89,100,3.8,heavy intensity rain
227,Tasiilaq,GL,2022-01-30 22:09:12,65.6145,-37.6368,8.76,50,96,12.75,overcast clouds
228,Obo,CF,2022-01-30 22:10:39,5.3998,26.4869,70.0,24,98,5.57,overcast clouds
229,Mudbidri,IN,2022-01-30 22:09:09,13.0833,74.9833,76.62,78,1,0.0,mist
230,Puteyets,RU,2022-01-30 22:10:40,65.1716,57.091,12.07,92,100,7.36,overcast clouds
231,Wajir,KE,2022-01-30 22:10:40,1.7471,40.0573,82.99,30,47,10.0,scattered clouds
232,Mount Isa,AU,2022-01-30 22:08:23,-20.7333,139.5,74.97,100,75,5.75,broken clouds
233,Rock Sound,BS,2022-01-30 22:08:45,24.9,-76.2,65.79,65,97,14.63,overcast clouds
234,Lagoa,PT,2022-01-30 22:09:23,39.05,-27.9833,58.53,70,50,26.51,scattered clouds
235,Napier,NZ,2022-01-30 22:08:54,-39.4833,176.9167,69.28,70,100,1.99,overcast clouds
236,Kerman,IR,2022-01-30 22:10:42,30.2832,57.0788,47.41,48,79,3.13,broken clouds
237,Saint-Georges,GD,2022-01-30 22:10:42,12.0564,-61.7485,80.28,74,20,13.8,few clouds
238,Kutum,SD,2022-01-30 22:10:42,14.2,24.6667,54.5,17,1,13.8,clear sky
239,Camacha,PT,2022-01-30 22:09:23,33.0833,-16.3333,61.56,88,20,16.11,few clouds
240,Jaciara,BR,2022-01-30 22:10:43,-15.9653,-54.9683,72.57,94,100,3.15,moderate rain
241,Port-Cartier,CA,2022-01-30 22:10:44,50.0334,-66.8654,9.75,76,82,10.85,broken clouds
242,Comodoro Rivadavia,AR,2022-01-30 22:10:44,-45.8667,-67.5,60.66,33,40,8.05,scattered clouds
243,Kuytun,RU,2022-01-30 22:10:45,54.3419,101.5036,-5.91,98,100,2.68,overcast clouds
244,Anadyr,RU,2022-01-30 22:10:45,64.75,177.4833,-15.52,83,20,6.71,fog
245,Skibbereen,IE,2022-01-30 22:10:45,51.55,-9.2667,46.2,76,94,16.82,overcast clouds
246,Cockburn Town,TC,2022-01-30 22:09:00,21.4612,-71.1419,74.79,74,91,20.89,overcast clouds
247,Waterloo,CA,2022-01-30 22:09:45,43.4668,-80.5164,20.62,90,71,3.4,broken clouds
248,Okha,RU,2022-01-30 22:10:46,53.5739,142.9478,9.43,93,100,21.47,light snow
249,Baracoa,CU,2022-01-30 22:10:47,20.3467,-74.4958,70.52,86,100,11.68,overcast clouds
250,Jiexiu,CN,2022-01-30 22:10:47,37.0244,111.9125,20.25,48,0,8.05,clear sky
251,Le Mans,FR,2022-01-30 22:10:47,48.0,0.2,46.33,76,100,4.61,overcast clouds
252,Amberley,US,2022-01-30 22:10:48,39.2048,-84.428,39.02,57,0,5.01,clear sky
253,Port Blair,IN,2022-01-30 22:08:22,11.6667,92.75,71.51,72,42,8.39,scattered clouds
254,Iqaluit,CA,2022-01-30 22:10:49,63.7506,-68.5145,-16.87,76,20,3.44,few clouds
255,Saint-Joseph,RE,2022-01-30 22:09:25,-21.3667,55.6167,77.38,80,27,12.48,scattered clouds
256,Jalu,LY,2022-01-30 22:10:49,29.0331,21.5482,54.41,57,73,15.52,broken clouds
257,Adrar,MR,2022-01-30 22:10:50,20.5022,-10.0711,75.31,13,100,10.11,overcast clouds
258,Kirakira,SB,2022-01-30 22:10:50,-10.4544,161.9205,83.25,76,92,5.1,light rain
259,San Pedro,PH,2022-01-30 22:10:51,14.35,121.0167,77.32,84,71,9.37,broken clouds
260,Yakeshi,CN,2022-01-30 22:10:51,49.2833,120.7333,-29.92,100,93,1.61,overcast clouds
261,General Roca,AR,2022-01-30 22:10:51,-39.0333,-67.5833,83.62,11,6,24.09,clear sky
262,Nizwa,OM,2022-01-30 22:10:52,22.9333,57.5333,67.75,43,0,1.79,clear sky
263,Fuling,CN,2022-01-30 22:10:52,29.7022,107.3919,42.91,82,100,2.71,overcast clouds
264,Moose Factory,CA,2022-01-30 22:09:26,51.2585,-80.6094,-7.73,91,100,6.67,overcast clouds
265,Oktyabrskiy,RU,2022-01-30 22:10:50,54.4815,53.471,23.36,97,99,4.63,overcast clouds
266,Dwarka,IN,2022-01-30 22:10:53,22.2394,68.9678,69.85,80,0,9.66,clear sky
267,Mabaruma,GY,2022-01-30 22:10:54,8.2,-59.7833,76.46,77,39,5.95,scattered clouds
268,Ancud,CL,2022-01-30 22:10:54,-41.8697,-73.8203,62.13,58,32,12.21,scattered clouds
269,Alyangula,AU,2022-01-30 22:10:54,-13.8483,136.4192,82.6,76,100,19.44,overcast clouds
270,Saskylakh,RU,2022-01-30 22:06:17,71.9167,114.0833,-19.66,100,99,2.37,overcast clouds
271,Marrakesh,MA,2022-01-30 22:06:08,31.6315,-8.0083,69.87,32,40,14.97,scattered clouds
272,Lethem,GY,2022-01-30 22:06:49,3.3803,-59.7968,89.19,39,82,14.47,broken clouds
273,Esil,KZ,2022-01-30 22:10:55,51.9556,66.4042,12.24,95,97,11.16,overcast clouds
274,Buala,SB,2022-01-30 22:11:56,-8.145,159.5921,82.51,78,100,4.83,light rain
275,Muros,ES,2022-01-30 22:11:56,42.7762,-9.0603,51.24,64,0,5.44,clear sky
276,Saraza,PH,2022-01-30 22:11:57,8.7356,117.78,77.79,86,18,4.61,few clouds
277,Esperance,AU,2022-01-30 22:11:58,-33.8667,121.9,67.89,78,45,13.06,scattered clouds
278,Puro,PH,2022-01-30 22:11:58,12.4841,123.3827,78.21,81,18,6.71,few clouds
279,Kungurtug,RU,2022-01-30 22:11:59,50.5994,97.5228,-23.37,98,24,1.52,few clouds
280,Santa Cruz,BO,2022-01-30 22:07:24,-17.8,-63.1667,91.45,40,20,10.36,few clouds
281,Macusani,PE,2022-01-30 22:11:59,-14.0833,-70.4333,42.62,82,96,8.01,overcast clouds
282,Denia,ES,2022-01-30 22:12:00,38.8408,0.1057,58.64,37,0,1.99,clear sky
283,Mahajanga,MG,2022-01-30 22:08:16,-15.7167,46.3167,79.66,82,7,7.29,light rain
284,Port-Gentil,GA,2022-01-30 22:12:00,-0.7193,8.7815,81.23,79,94,9.42,overcast clouds
285,Bulungu,CD,2022-01-30 22:12:01,-4.55,18.6,74.62,71,100,2.98,overcast clouds
286,Visby,SE,2022-01-30 22:12:01,57.6409,18.296,34.02,69,40,28.77,scattered clouds
287,Elizabeth City,US,2022-01-30 22:10:39,36.2946,-76.2511,38.01,47,0,5.75,clear sky
288,Narsaq,GL,2022-01-30 22:07:58,60.9167,-46.05,21.42,72,100,17.52,snow
289,Pa Sang,TH,2022-01-30 22:12:02,18.5262,98.9394,64.36,54,32,1.23,scattered clouds
290,Orange,US,2022-01-30 22:12:03,33.7,-117.7675,78.33,40,0,1.99,clear sky
291,Uvalde,US,2022-01-30 22:12:03,29.3669,-99.767,70.52,27,0,11.5,clear sky
292,Rawson,AR,2022-01-30 22:10:14,-43.3002,-65.1023,57.99,48,69,13.4,broken clouds
293,The Valley,AI,2022-01-30 22:11:17,18.217,-63.0578,78.66,71,6,9.73,clear sky
294,Gagnoa,CI,2022-01-30 22:12:04,6.1293,-5.9437,72.07,56,30,2.84,scattered clouds
295,Impfondo,CG,2022-01-30 22:12:05,1.6381,18.0667,73.02,30,100,1.54,overcast clouds
296,Half Moon Bay,US,2022-01-30 22:07:53,37.4636,-122.4286,67.05,72,0,4.0,haze
297,Ludwigslust,DE,2022-01-30 22:12:05,53.3167,11.5,40.82,81,81,11.12,broken clouds
298,Nhulunbuy,AU,2022-01-30 22:12:06,-12.2333,136.7667,83.01,83,100,10.36,overcast clouds
299,Gari,RU,2022-01-30 22:12:06,59.4307,62.3497,1.58,98,100,2.77,overcast clouds
300,Bajil,YE,2022-01-30 22:12:07,15.0584,43.2851,75.79,69,5,3.42,clear sky
301,Hovd,MN,2022-01-30 22:12:07,48.0056,91.6419,-14.03,81,24,1.88,few clouds
302,Bethel,US,2022-01-30 22:11:38,41.3712,-73.414,23.76,51,24,4.23,few clouds
303,Santa Lucia,ES,2022-01-30 22:12:08,27.9117,-15.5407,54.77,72,6,3.44,haze
304,Tall Kayf,TR,2022-01-30 22:12:08,37.0833,41.0667,38.37,71,63,6.69,broken clouds
305,Carauari,BR,2022-01-30 22:09:37,-4.8828,-66.8958,79.07,87,96,3.27,overcast clouds
306,Leshukonskoye,RU,2022-01-30 22:12:09,64.8989,45.7622,9.46,95,100,5.93,overcast clouds
307,Luancheng,CN,2022-01-30 22:12:09,37.8792,114.6517,31.39,25,0,14.36,clear sky
308,Fria,GN,2022-01-30 22:12:09,10.4167,-13.5833,75.22,88,20,1.57,few clouds
309,Fredericton,CA,2022-01-30 22:12:10,45.9454,-66.6656,16.65,78,0,3.0,clear sky
310,Bambanglipuro,ID,2022-01-30 22:11:45,-7.95,110.2833,61.61,89,100,4.23,overcast clouds
311,Nioro,GM,2022-01-30 22:12:10,13.35,-15.75,85.87,15,82,4.25,broken clouds
312,Taltal,CL,2022-01-30 22:12:11,-25.4,-70.4833,67.98,72,29,7.43,scattered clouds
313,Mahanoro,MG,2022-01-30 22:12:11,-19.9,48.8,72.72,83,5,4.52,clear sky
314,Bubaque,GW,2022-01-30 22:09:41,11.2833,-15.8333,78.21,72,48,11.48,scattered clouds
315,Radovis,MK,2022-01-30 22:12:12,41.6383,22.4647,33.12,85,76,5.93,broken clouds
316,Pacific Grove,US,2022-01-30 22:12:12,36.6177,-121.9166,69.58,69,0,3.0,clear sky
317,Port Dover,CA,2022-01-30 22:12:13,42.7834,-80.1997,22.35,77,97,2.46,overcast clouds
318,Jaypur,IN,2022-01-30 22:13:13,18.85,82.5833,57.18,33,0,1.7,clear sky
319,Aswan,EG,2022-01-30 22:12:02,24.0934,32.907,56.12,38,100,10.09,overcast clouds
320,Sokoni,TZ,2022-01-30 22:13:14,-6.4333,39.55,79.97,80,99,9.78,overcast clouds
321,Orocue,CO,2022-01-30 22:13:14,4.7912,-71.3354,93.42,29,70,12.01,broken clouds
322,Sheridan,US,2022-01-30 22:13:15,44.8333,-106.9173,53.98,22,0,5.75,clear sky
323,Veraval,IN,2022-01-30 22:13:15,20.9,70.3667,65.82,60,0,11.1,clear sky
324,Xapuri,BR,2022-01-30 22:13:15,-10.6517,-68.5044,73.11,98,100,2.53,overcast clouds
325,Lang Son,VN,2022-01-30 22:13:16,21.8333,106.7333,46.92,92,100,5.84,light rain
326,Krasnoselkup,RU,2022-01-30 22:13:16,65.7,82.4667,0.48,95,98,8.08,overcast clouds
327,Port Hardy,CA,2022-01-30 22:13:17,50.6996,-127.4199,42.76,87,100,10.36,light rain
328,Kamaishi,JP,2022-01-30 22:13:18,39.2667,141.8833,24.98,59,19,8.19,few clouds
329,Sergeyevka,KZ,2022-01-30 22:13:18,53.88,67.4158,9.45,93,100,9.78,overcast clouds
330,Shamary,RU,2022-01-30 22:13:19,57.3434,58.2199,6.06,99,98,3.09,overcast clouds
331,Nieuw Amsterdam,SR,2022-01-30 22:13:19,5.8833,-55.0833,82.42,74,20,6.91,few clouds
332,Lorengau,PG,2022-01-30 22:13:20,-2.0226,147.2712,78.69,86,100,11.9,overcast clouds
333,Pio Xii,BR,2022-01-30 22:13:20,-3.8325,-45.1525,74.84,91,75,1.63,broken clouds
334,Chuguyevka,RU,2022-01-30 22:12:15,44.1653,133.8633,-2.4,100,100,1.16,overcast clouds
335,Salmas,IR,2022-01-30 22:13:21,38.1973,44.7653,12.42,74,15,6.73,few clouds
336,Puerto Quijarro,BO,2022-01-30 22:13:21,-17.7833,-57.7667,75.79,95,94,3.33,overcast clouds
337,Cururupu,BR,2022-01-30 22:09:28,-1.8283,-44.8683,74.71,95,98,5.86,overcast clouds
338,Abasolo,MX,2022-01-30 22:13:22,20.45,-101.5167,77.74,16,2,9.35,clear sky
339,Qaqortoq,GL,2022-01-30 22:08:42,60.7167,-46.0333,21.7,63,100,16.82,snow
340,Mehamn,NO,2022-01-30 22:13:22,71.0357,27.8492,30.15,86,75,21.85,light shower snow
341,Ohara,JP,2022-01-30 22:13:23,35.25,140.3833,38.01,53,100,10.54,overcast clouds
342,Iquique,CL,2022-01-30 22:13:23,-20.2208,-70.1431,73.44,69,1,1.77,clear sky
343,Byron Bay,AU,2022-01-30 22:13:19,-28.65,153.6167,79.88,85,74,8.75,broken clouds
344,Haines Junction,CA,2022-01-30 22:13:24,60.7522,-137.5108,9.77,90,98,2.84,overcast clouds
345,Ostrovnoy,RU,2022-01-30 22:13:24,68.0531,39.5131,12.16,95,98,8.23,overcast clouds
346,Sioux Lookout,CA,2022-01-30 22:11:31,50.1001,-91.917,11.41,88,100,3.78,overcast clouds
347,Sakakah,SA,2022-01-30 22:13:25,29.9697,40.2064,48.34,44,100,12.1,overcast clouds
348,Baykit,RU,2022-01-30 22:13:25,61.67,96.37,-4.34,99,100,0.4,overcast clouds
349,Uyuni,BO,2022-01-30 22:13:26,-20.4597,-66.825,62.65,33,40,9.62,scattered clouds
350,Mayo,US,2022-01-30 22:11:21,38.8876,-76.5119,32.11,51,40,3.0,scattered clouds
351,Baruun-Urt,MN,2022-01-30 22:08:54,46.6806,113.2792,-7.69,95,86,4.79,overcast clouds
352,Atar,MR,2022-01-30 22:09:10,20.5169,-13.0499,79.79,11,100,8.72,overcast clouds
353,Opglabbeek,BE,2022-01-30 22:13:27,51.0427,5.5805,41.41,74,75,6.91,broken clouds
354,Pasighat,IN,2022-01-30 22:12:15,28.0667,95.3333,51.39,61,13,3.62,few clouds
355,Santa Fe,AR,2022-01-30 22:10:09,-31.6333,-60.7,89.98,25,0,1.99,clear sky
356,Shu,KZ,2022-01-30 22:08:52,43.5983,73.7614,30.38,82,52,4.25,broken clouds
357,Hauterive,FR,2022-01-30 22:13:28,46.0901,3.4459,41.76,94,4,1.45,clear sky
358,Tungor,RU,2022-01-30 22:12:16,53.3808,142.9564,7.95,93,100,22.03,light snow
359,Flin Flon,CA,2022-01-30 22:13:28,54.7682,-101.865,12.18,93,100,6.64,light snow
360,Kiruna,SE,2022-01-30 22:09:23,67.8557,20.2251,0.52,85,16,5.75,few clouds
361,Eirunepe,BR,2022-01-30 22:13:29,-6.6603,-69.8736,84.09,64,99,3.74,overcast clouds
362,Fontanka,UA,2022-01-30 22:13:29,46.5626,30.8607,26.69,81,13,11.88,few clouds
363,Mitu,CO,2022-01-30 22:13:30,1.1983,-70.1733,85.01,51,20,2.33,few clouds
364,San Anselmo,US,2022-01-30 22:13:30,37.9747,-122.5616,65.98,71,0,1.01,clear sky
365,Middleton,GB,2022-01-30 22:13:30,53.55,-2.2,46.58,86,91,23.47,overcast clouds
366,Morondava,MG,2022-01-30 22:14:31,-20.2833,44.2833,81.66,71,23,9.08,few clouds
367,Cozumel,MX,2022-01-30 22:14:31,20.5083,-86.9458,74.95,57,40,3.0,scattered clouds
368,Turukhansk,RU,2022-01-30 22:14:32,65.8167,87.9833,-0.38,94,98,9.86,overcast clouds
369,Nizhneangarsk,RU,2022-01-30 22:14:32,55.7833,109.55,-7.73,96,100,1.79,overcast clouds
370,Rorvik,NO,2022-01-30 22:14:33,64.8621,11.2373,28.38,51,95,6.69,overcast clouds
371,Sena Madureira,BR,2022-01-30 22:14:33,-9.0656,-68.6569,81.01,80,65,2.59,broken clouds
372,Vestmannaeyjar,IS,2022-01-30 22:14:33,63.4427,-20.2734,31.59,62,100,39.28,light snow
373,Bouafle,CI,2022-01-30 22:14:34,6.9904,-5.7442,74.97,22,16,1.63,few clouds
374,Caravelas,BR,2022-01-30 22:14:34,-17.7125,-39.2481,79.61,83,22,11.5,few clouds
375,Vidim,RU,2022-01-30 22:12:11,56.4088,103.1106,-2.49,100,100,2.13,overcast clouds
376,Karatau,KZ,2022-01-30 22:14:35,43.1667,70.4667,26.02,85,90,0.27,overcast clouds
377,Codrington,AU,2022-01-30 22:10:07,-38.2667,141.9667,67.01,88,54,6.4,broken clouds
378,Whitianga,NZ,2022-01-30 22:11:11,-36.8333,175.7,70.11,68,78,11.14,broken clouds
379,Kendari,ID,2022-01-30 22:14:36,-3.945,122.4989,76.21,90,100,2.95,light rain
380,Quibor,VE,2022-01-30 22:14:36,9.9287,-69.6201,80.42,48,82,11.16,broken clouds
381,Leh,IN,2022-01-30 22:12:01,34.1667,77.5833,7.39,93,100,0.89,overcast clouds
382,Plover,US,2022-01-30 22:14:37,44.4564,-89.544,27.59,64,100,3.0,overcast clouds
383,Xiongzhou,CN,2022-01-30 22:14:37,25.1167,114.3,40.73,77,96,3.74,light rain
384,Kupang,ID,2022-01-30 22:14:38,-10.1667,123.5833,81.18,89,75,11.5,broken clouds
385,Astoria,US,2022-01-30 22:14:38,46.1879,-123.8313,51.69,90,100,14.0,light rain
386,Juneau,US,2022-01-30 22:14:38,58.3019,-134.4197,35.83,93,100,3.44,light snow
387,Provideniya,RU,2022-01-30 22:11:30,64.3833,-173.3,12.31,73,0,17.9,clear sky
388,Ocampo,MX,2022-01-30 22:14:39,21.65,-101.5,72.28,16,11,14.92,few clouds
389,Duma,CN,2022-01-30 22:14:39,34.7653,108.135,17.13,64,0,5.86,clear sky
390,Vvedenskoye,RU,2022-01-30 22:14:40,55.4753,65.0847,7.27,95,100,3.85,overcast clouds
391,Sabla,NG,2022-01-30 22:14:40,12.7525,4.7077,71.06,13,41,14.76,scattered clouds
392,Santa Cecilia,BR,2022-01-30 22:14:41,-26.9608,-50.4269,61.03,94,62,5.41,broken clouds
393,Traverse City,US,2022-01-30 22:14:41,44.7631,-85.6206,26.73,72,75,8.05,broken clouds
394,Herre,NO,2022-01-30 22:14:41,59.1,9.5667,30.67,75,98,2.17,overcast clouds
395,Bulawayo,ZW,2022-01-30 22:14:42,-20.15,28.5833,63.68,89,95,8.14,overcast clouds
396,Yokadouma,CM,2022-01-30 22:14:42,3.5167,15.05,70.66,28,100,1.34,overcast clouds
397,Polis,CY,2022-01-30 22:14:43,35.0367,32.4264,49.82,89,98,7.0,overcast clouds
398,Zirandaro,MX,2022-01-30 22:14:43,18.45,-100.9833,97.83,23,0,1.3,clear sky
399,Luwuk,ID,2022-01-30 22:14:43,-0.9516,122.7875,76.87,81,99,5.55,overcast clouds
400,Russell,US,2022-01-30 22:14:44,32.3502,-85.1999,63.68,32,0,6.91,clear sky
401,Cherkessk,RU,2022-01-30 22:14:44,44.2233,42.0578,17.94,81,29,6.08,scattered clouds
402,Howard Springs,AU,2022-01-30 22:14:45,-12.497,131.047,84.11,90,71,13.67,broken clouds
403,Japura,ID,2022-01-30 22:14:45,-0.3167,102.35,72.93,98,47,1.01,scattered clouds
404,Palmer,US,2022-01-30 22:14:45,42.1584,-72.3287,19.22,40,20,1.01,few clouds
405,Teknaf,BD,2022-01-30 22:14:46,20.8624,92.3058,57.69,67,0,8.41,clear sky
406,Norton Shores,US,2022-01-30 22:14:46,43.1689,-86.2639,28.06,70,100,0.0,overcast clouds
407,Dhidhdhoo,MV,2022-01-30 22:14:47,6.8833,73.1,81.27,74,27,8.37,scattered clouds
408,Anlu,CN,2022-01-30 22:14:47,31.1661,112.5831,37.42,81,100,2.42,overcast clouds
409,Natal,BR,2022-01-30 22:11:17,-5.795,-35.2094,81.25,78,40,9.22,scattered clouds
410,Gravdal,NO,2022-01-30 22:14:48,68.1214,13.5031,30.09,74,75,3.44,broken clouds
411,Lisala,CD,2022-01-30 22:14:48,2.15,21.5167,71.82,33,85,2.55,overcast clouds
412,Trebinje,BA,2022-01-30 22:14:48,42.7119,18.3442,48.56,37,0,6.91,clear sky
413,Beian,NO,2022-01-30 22:14:49,63.6559,9.5683,33.01,93,75,4.61,broken clouds
414,Oranjemund,NA,2022-01-30 22:14:49,-28.55,16.4333,66.7,85,79,4.76,broken clouds
415,Bairiki,KI,2022-01-30 22:14:50,1.3292,172.9752,86.0,74,40,12.66,light rain
416,Freeport,US,2022-01-30 22:11:22,40.6576,-73.5832,25.27,54,0,5.01,clear sky
417,Derzhavinsk,KZ,2022-01-30 22:15:50,51.1,66.3167,12.94,94,85,14.97,overcast clouds
418,Parabel,RU,2022-01-30 22:15:51,58.6978,81.4825,6.21,95,100,7.78,overcast clouds
419,Mabama,TZ,2022-01-30 22:15:51,-5.1333,32.5333,66.06,94,100,2.39,light rain
420,Airai,TL,2022-01-30 22:15:52,-8.9266,125.4092,60.91,90,82,4.03,broken clouds
421,Sibu,MY,2022-01-30 22:15:52,2.3,111.8167,75.51,94,20,3.44,light rain
422,Atikokan,CA,2022-01-30 22:15:53,48.7555,-91.6216,12.22,90,100,3.96,overcast clouds
423,Kem,RU,2022-01-30 22:15:53,64.9555,34.5793,12.88,97,100,5.41,overcast clouds
424,Saint Anthony,US,2022-01-30 22:15:53,45.0205,-93.218,24.4,64,0,1.01,clear sky
425,Arrifes,PT,2022-01-30 22:15:54,37.7667,-25.7,57.45,72,40,20.71,scattered clouds
426,Siyabuswa,ZA,2022-01-30 22:15:54,-25.1132,29.0445,68.36,82,100,4.79,overcast clouds
427,Oranjestad,AW,2022-01-30 22:10:57,12.524,-70.027,78.64,75,8,14.65,clear sky
428,Korla,CN,2022-01-30 22:15:55,41.7597,86.1469,23.47,59,100,3.22,overcast clouds
429,Broken Hill,AU,2022-01-30 22:11:01,-31.95,141.4333,77.14,69,100,3.31,light rain
430,Alta Floresta,BR,2022-01-30 22:13:34,-9.8756,-56.0861,71.15,96,98,3.6,overcast clouds
431,Chifeng,CN,2022-01-30 22:12:07,42.2683,118.9636,17.22,75,100,7.0,overcast clouds
432,Pokosnoye,RU,2022-01-30 22:15:56,55.5258,101.0536,-2.36,98,100,1.79,overcast clouds
433,Nanortalik,GL,2022-01-30 22:15:56,60.1432,-45.2371,16.25,88,100,21.97,snow
434,Kopervik,NO,2022-01-30 22:15:57,59.2835,5.3067,34.92,75,100,8.05,overcast clouds
435,Kochi,IN,2022-01-30 22:15:57,9.9399,76.2602,75.18,83,6,4.41,clear sky
436,Necochea,AR,2022-01-30 22:12:23,-38.5473,-58.7368,68.04,65,72,20.24,broken clouds
437,Gold Coast,AU,2022-01-30 22:13:16,-28.0,153.4333,82.78,76,40,5.01,scattered clouds
438,Kourou,GF,2022-01-30 22:15:58,5.1552,-52.6478,77.05,89,24,10.18,few clouds
439,Lavrentiya,RU,2022-01-30 22:15:58,65.5833,-171.0,-5.8,90,4,3.74,clear sky
440,Bud,US,2022-01-30 22:15:59,39.447,-86.1758,37.35,59,57,9.26,broken clouds
441,Quatre Cocos,MU,2022-01-30 22:15:59,-20.2078,57.7625,78.91,80,100,17.2,light rain
442,Brainerd,US,2022-01-30 22:16:00,46.358,-94.2008,20.25,63,0,8.05,clear sky
443,Guia Lopes Da Laguna,BR,2022-01-30 22:16:00,-21.4578,-56.1142,83.86,64,53,5.48,broken clouds
444,Olga,RU,2022-01-30 22:16:01,43.7444,135.2892,10.44,59,3,14.67,clear sky
445,Mitsamiouli,KM,2022-01-30 22:14:00,-11.3847,43.2844,80.51,74,2,3.42,clear sky
446,Stromness,GB,2022-01-30 22:16:01,58.965,-3.296,39.45,95,100,30.67,light rain
447,Urucara,BR,2022-01-30 22:16:01,-2.5364,-57.76,77.34,88,100,2.15,overcast clouds
448,Aykhal,RU,2022-01-30 22:14:07,66.0,111.5,-21.82,100,90,3.69,overcast clouds
449,Chumikan,RU,2022-01-30 22:16:02,54.7183,135.315,-3.12,83,100,18.41,overcast clouds
450,Charters Towers,AU,2022-01-30 22:16:03,-20.1,146.2667,77.54,75,1,4.83,clear sky
451,Yamada,JP,2022-01-30 22:14:16,39.4667,141.95,24.03,63,60,3.67,broken clouds
452,Luanda,AO,2022-01-30 22:15:01,-8.8368,13.2343,78.8,83,75,9.22,broken clouds
453,Grand Gaube,MU,2022-01-30 22:16:03,-20.0064,57.6608,79.2,81,100,3.0,overcast clouds
454,Atambua,ID,2022-01-30 22:16:04,-9.1061,124.8925,74.64,87,91,7.76,overcast clouds
455,Usinsk,RU,2022-01-30 22:16:04,65.9939,57.5281,8.38,95,100,9.19,overcast clouds
456,Nelson Bay,AU,2022-01-30 22:16:05,-32.7167,152.15,80.1,82,80,1.01,broken clouds
457,Bontang,ID,2022-01-30 22:16:05,0.1333,117.5,76.01,89,100,4.59,moderate rain
458,Dunedin,NZ,2022-01-30 22:12:11,-45.8742,170.5036,66.79,71,0,17.0,clear sky
459,Inirida,CO,2022-01-30 22:16:06,3.8653,-67.9239,86.99,45,16,1.25,few clouds
460,Geraldton,AU,2022-01-30 22:16:06,-28.7667,114.6,70.21,88,75,9.22,broken clouds
461,Karatu,TZ,2022-01-30 22:16:06,-3.3333,35.6667,63.14,94,100,2.98,light rain
462,Soe,ID,2022-01-30 22:16:07,-9.8607,124.284,67.3,88,72,7.83,broken clouds
463,Inuvik,CA,2022-01-30 22:14:57,68.3499,-133.7218,2.26,85,100,4.61,light snow
464,Miraflores,MX,2022-01-30 22:17:07,19.2167,-98.8083,72.25,29,1,3.33,clear sky
465,Pindiga,NG,2022-01-30 22:17:08,9.9833,10.9333,70.05,19,81,15.57,broken clouds
466,Kyzyl-Suu,KG,2022-01-30 22:17:08,42.3414,78.0056,16.97,61,11,10.47,few clouds
467,Ngunguru,NZ,2022-01-30 22:17:09,-35.6167,174.5,72.16,71,96,16.11,overcast clouds
468,Port Keats,AU,2022-01-30 22:17:09,-14.25,129.55,81.61,79,74,20.62,light rain
469,Kommunar,RU,2022-01-30 22:17:09,59.6206,30.39,27.03,96,100,6.89,light snow
470,Ambikapur,IN,2022-01-30 22:17:10,23.1167,83.2,51.03,36,9,1.43,clear sky
471,Bitung,ID,2022-01-30 22:17:10,1.4451,125.1824,74.25,83,98,9.04,overcast clouds
472,Astorga,BR,2022-01-30 22:17:11,-23.2325,-51.6656,73.8,96,87,4.36,overcast clouds
473,Kalaleh,IR,2022-01-30 22:17:11,37.3807,55.4916,44.65,46,0,5.1,clear sky
474,Tuatapere,NZ,2022-01-30 22:17:12,-46.1333,167.6833,69.82,68,17,2.59,few clouds
475,Rundu,NA,2022-01-30 22:17:12,-17.9333,19.7667,65.41,93,100,10.47,light rain
476,Ampanihy,MG,2022-01-30 22:15:09,-24.7,44.75,70.52,75,83,12.66,broken clouds
477,Sabzevar,IR,2022-01-30 22:17:13,36.2126,57.6819,37.22,46,0,2.1,clear sky
478,Dharchula,IN,2022-01-30 22:17:14,29.85,80.5333,45.46,48,0,6.78,clear sky
479,Lucea,JM,2022-01-30 22:17:14,18.451,-78.1736,73.26,77,94,17.18,overcast clouds
480,Vadnagar,IN,2022-01-30 22:17:15,23.7833,72.6333,58.14,60,0,6.67,clear sky
481,Meulaboh,ID,2022-01-30 22:17:15,4.1363,96.1285,76.55,86,86,3.22,overcast clouds
482,Kishtwar,IN,2022-01-30 22:13:06,33.3167,75.7667,37.76,75,100,3.91,overcast clouds
483,Talcahuano,CL,2022-01-30 22:17:17,-36.7167,-73.1167,67.68,52,0,21.85,clear sky
484,Yar-Sale,RU,2022-01-30 22:17:17,66.8333,70.8333,-6.79,99,88,6.98,overcast clouds
485,Kardla,EE,2022-01-30 22:17:17,58.9978,22.7492,28.02,86,100,23.76,light snow
486,Cabedelo,BR,2022-01-30 22:17:18,-6.9811,-34.8339,81.27,75,13,11.59,few clouds
487,Puquio,PE,2022-01-30 22:17:18,-14.7,-74.1333,49.39,87,100,10.25,overcast clouds
488,Ouadda,CF,2022-01-30 22:17:19,8.0777,22.4007,65.89,25,33,5.37,scattered clouds
489,Ilulissat,GL,2022-01-30 22:17:20,69.2167,-51.1,5.02,56,75,13.8,broken clouds
490,Road Town,VG,2022-01-30 22:15:03,18.4167,-64.6167,78.89,73,20,4.61,few clouds
491,Marienburg,PL,2022-01-30 22:17:20,54.0359,19.0266,37.06,65,100,22.95,overcast clouds
492,Kushalgarh,IN,2022-01-30 22:17:21,23.199,74.4507,60.22,29,0,2.44,clear sky
493,Qasigiannguit,GL,2022-01-30 22:17:21,68.8193,-51.1922,5.25,72,100,9.22,overcast clouds
494,Sorong,ID,2022-01-30 22:17:22,-0.8833,131.25,81.57,76,100,10.76,light rain
495,Panzhihua,CN,2022-01-30 22:17:22,26.5851,101.7128,44.04,66,28,2.26,scattered clouds
496,Marawi,PH,2022-01-30 22:17:23,7.9986,124.2928,64.65,92,16,1.54,few clouds
497,Nalut,LY,2022-01-30 22:17:23,30.3333,10.85,43.97,47,0,4.0,clear sky
498,Svetlogorsk,BY,2022-01-30 22:17:24,52.6333,29.7333,31.73,97,100,8.1,light snow
499,Takapau,NZ,2022-01-30 22:17:24,-40.0333,176.35,73.18,59,78,5.7,broken clouds
500,Palladam,IN,2022-01-30 22:17:25,10.9833,77.3,73.6,88,2,5.77,clear sky
501,Luwingu,ZM,2022-01-30 22:17:25,-10.2621,29.9271,61.02,96,100,0.45,overcast clouds
502,San Quintin,MX,2022-01-30 22:15:56,30.4833,-115.95,64.24,47,1,8.66,clear sky
503,North Branch,US,2022-01-30 22:17:26,45.5113,-92.9802,24.78,71,100,4.36,overcast clouds
504,San Andres,CO,2022-01-30 22:14:26,12.5847,-81.7006,80.62,74,40,9.22,scattered clouds
505,Mogwase,ZA,2022-01-30 22:17:26,-25.185,27.2665,65.75,85,100,4.81,overcast clouds
506,Lima,PE,2022-01-30 22:14:43,-12.0432,-77.0282,73.9,75,0,4.0,clear sky
507,Ailigandi,PA,2022-01-30 22:17:27,9.2333,-78.0167,79.97,65,9,12.33,clear sky
508,Katsuura,JP,2022-01-30 22:18:27,35.1333,140.3,39.31,52,100,11.48,overcast clouds
509,Mumford,GH,2022-01-30 22:18:28,5.2618,-0.759,78.82,76,100,5.86,overcast clouds
510,Husavik,IS,2022-01-30 22:18:28,66.0449,-17.3389,24.71,67,40,27.76,scattered clouds
511,Mgachi,RU,2022-01-30 22:18:28,51.05,142.2667,-6.03,97,99,3.94,overcast clouds
512,Belaya Gora,RU,2022-01-30 22:18:29,68.5333,146.4167,-32.19,100,85,1.92,overcast clouds
513,Paita,PE,2022-01-30 22:14:57,-5.0892,-81.1144,77.56,73,79,14.32,broken clouds
514,Gwembe,ZM,2022-01-30 22:18:30,-16.4975,27.6069,62.51,95,100,2.93,light rain
515,Morros,BR,2022-01-30 22:18:30,-9.4467,-46.3003,72.21,88,99,5.37,overcast clouds
516,Colac,AU,2022-01-30 22:18:31,-38.3333,143.5833,68.16,83,88,6.35,overcast clouds
517,Sao Sepe,BR,2022-01-30 22:18:31,-30.1606,-53.5653,79.83,51,76,7.81,broken clouds
518,Mindelo,CV,2022-01-30 22:18:32,16.8901,-24.9804,69.35,60,75,24.16,broken clouds
519,Rocha,UY,2022-01-30 22:18:32,-34.4833,-54.3333,73.0,68,0,11.45,clear sky
520,Beringovskiy,RU,2022-01-30 22:14:05,63.05,179.3167,-8.84,100,100,10.16,overcast clouds
521,Lapa,BR,2022-01-30 22:18:33,-25.7697,-49.7158,65.37,95,92,6.11,overcast clouds
522,Seaford,GB,2022-01-30 22:18:33,50.7714,0.1027,47.89,87,98,10.0,overcast clouds
523,Batagay,RU,2022-01-30 22:18:34,67.6333,134.6333,-35.5,99,53,1.68,broken clouds
524,Kawalu,ID,2022-01-30 22:18:34,-7.3817,108.2082,72.3,95,100,2.44,overcast clouds
525,Saint-Leu,RE,2022-01-30 22:18:34,-21.15,55.2833,77.86,77,20,14.25,few clouds
526,Fountain Hills,US,2022-01-30 22:17:09,33.6117,-111.7174,72.54,20,0,5.99,clear sky
527,Presidencia Roque Saenz Pena,AR,2022-01-30 22:18:35,-26.7852,-60.4388,98.08,11,0,6.24,clear sky
528,Lanzhou,CN,2022-01-30 22:18:36,36.0564,103.7922,6.08,58,16,1.03,few clouds
529,Muncar,ID,2022-01-30 22:18:36,-8.4333,114.3333,76.93,87,100,2.17,heavy intensity rain
530,Zeya,RU,2022-01-30 22:18:36,53.75,127.2667,-6.16,89,58,4.07,broken clouds
531,Samarai,PG,2022-01-30 22:18:37,-10.6167,150.6667,81.86,74,100,8.88,overcast clouds
532,Amparo,BR,2022-01-30 22:18:37,-22.7011,-46.7644,67.82,97,100,2.89,overcast clouds
533,Chicama,PE,2022-01-30 22:18:38,-7.8447,-79.1469,66.74,68,100,9.48,overcast clouds
534,Methoni,GR,2022-01-30 22:18:38,36.8197,21.7049,49.21,68,14,13.8,few clouds
535,Tymovskoye,RU,2022-01-30 22:18:39,50.8456,142.655,-7.76,97,91,1.79,overcast clouds
536,Sinnamary,GF,2022-01-30 22:18:39,5.3833,-52.95,76.39,87,51,11.9,broken clouds
537,Mezen,RU,2022-01-30 22:18:39,65.8522,44.24,9.66,96,100,6.04,overcast clouds
538,Emerald,AU,2022-01-30 22:18:40,-23.5333,148.1667,80.35,67,61,11.61,broken clouds
539,Omsukchan,RU,2022-01-30 22:18:40,62.5333,155.8,-16.74,99,100,5.64,overcast clouds
540,Challapata,BO,2022-01-30 22:18:41,-18.9,-66.7667,57.36,51,91,1.07,overcast clouds
541,Tessalit,ML,2022-01-30 22:18:41,20.1986,1.0114,69.84,14,28,11.07,scattered clouds
542,Rotherham,GB,2022-01-30 22:17:42,53.4301,-1.3568,46.65,78,80,25.72,light rain
543,Piacabucu,BR,2022-01-30 22:18:42,-10.4056,-36.4344,80.33,77,94,9.01,overcast clouds
544,Kilindoni,TZ,2022-01-30 22:18:42,-7.9139,39.6668,79.81,82,70,9.98,light rain
545,Tual,ID,2022-01-30 22:18:43,-5.6667,132.75,83.73,78,100,22.64,light rain
546,Landskrona,SE,2022-01-30 22:18:43,55.8708,12.8302,37.11,74,32,12.39,scattered clouds
547,Matadi,CD,2022-01-30 22:18:44,-5.8167,13.45,77.04,93,100,2.71,light rain
548,Opuwo,NA,2022-01-30 22:15:17,-18.0607,13.84,64.4,51,38,8.66,scattered clouds
549,Gabu,GW,2022-01-30 22:18:44,12.2833,-14.2167,82.38,18,39,4.36,scattered clouds
550,Lexington Park,US,2022-01-30 22:18:45,38.2668,-76.4538,32.29,49,75,1.01,broken clouds
551,Manta,EC,2022-01-30 22:18:45,-0.95,-80.7333,78.58,78,100,3.44,overcast clouds
552,West Caldwell,US,2022-01-30 22:14:03,40.8409,-74.3018,24.64,51,40,1.01,scattered clouds
553,San Borja,BO,2022-01-30 22:19:46,-14.8167,-66.85,79.05,91,36,3.69,scattered clouds
554,Pokrovskoye,RU,2022-01-30 22:19:46,47.4157,38.8971,32.81,98,100,12.64,light snow
555,Quilmana,PE,2022-01-30 22:19:47,-12.95,-76.3833,73.83,73,97,7.36,overcast clouds
556,Dauphin,CA,2022-01-30 22:15:15,51.1494,-100.0502,24.94,68,0,9.22,clear sky
557,Rumoi,JP,2022-01-30 22:19:47,43.9344,141.6428,16.02,81,100,6.82,light snow
558,Vetlanda,SE,2022-01-30 22:19:48,57.4289,15.0776,30.07,63,2,10.4,clear sky
559,Tommot,RU,2022-01-30 22:19:48,58.9564,126.2925,-6.59,97,100,5.55,overcast clouds
560,Nea Alikarnassos,GR,2022-01-30 22:19:48,35.3333,25.1667,52.48,92,75,4.61,broken clouds
561,Mastic Beach,US,2022-01-30 22:19:49,40.7668,-72.8521,25.14,53,0,1.01,clear sky
562,Los Llanos De Aridane,ES,2022-01-30 22:19:49,28.6585,-17.9182,58.75,78,0,8.01,clear sky
563,Hofn,IS,2022-01-30 22:17:07,64.2539,-15.2082,25.65,51,0,22.35,clear sky
564,Massa Marittima,IT,2022-01-30 22:19:50,43.049,10.8928,48.47,90,6,2.64,clear sky
565,Leo,BF,2022-01-30 22:19:50,11.1,-2.1,73.56,11,28,8.05,scattered clouds
566,Evensk,RU,2022-01-30 22:19:51,61.95,159.2333,20.26,71,100,25.64,overcast clouds
567,Harper,LR,2022-01-30 22:19:51,4.375,-7.7169,79.74,86,64,8.23,broken clouds
568,Margate,GB,2022-01-30 22:19:51,51.3813,1.3862,44.96,79,94,8.01,overcast clouds
569,Blora,ID,2022-01-30 22:19:52,-6.9698,111.4186,74.68,94,100,4.45,overcast clouds
570,Balabac,PH,2022-01-30 22:19:52,7.9868,117.0645,79.66,79,15,4.05,few clouds
571,Zinder,NE,2022-01-30 22:19:53,13.8072,8.9881,61.38,13,32,12.17,scattered clouds
572,Uruzgan,AF,2022-01-30 22:19:53,32.8333,66.0,36.19,66,4,5.61,clear sky
573,Umba,RU,2022-01-30 22:19:53,66.6871,34.3429,0.63,98,96,5.37,overcast clouds
574,Pilar,BR,2022-01-30 22:19:54,-9.5972,-35.9567,80.53,83,100,6.15,overcast clouds
575,Tezu,IN,2022-01-30 22:18:23,27.9167,96.1667,51.46,53,20,3.69,few clouds
576,Mandera,KE,2022-01-30 22:19:55,3.9366,41.867,81.07,25,98,7.05,overcast clouds
577,Tamiahua,MX,2022-01-30 22:19:55,21.2667,-97.45,68.38,69,4,11.52,clear sky
578,Kolondieba,ML,2022-01-30 22:19:56,11.0882,-6.8926,78.46,14,34,5.61,scattered clouds
579,Warrington,GB,2022-01-30 22:18:27,53.3925,-2.5802,47.44,79,75,7.0,broken clouds
580,Wajima,JP,2022-01-30 22:19:56,37.4,136.9,35.26,59,100,9.33,overcast clouds
581,Khor,RU,2022-01-30 22:19:57,47.8861,134.9464,-30.59,100,32,1.92,scattered clouds
582,Portland,US,2022-01-30 22:17:00,45.5234,-122.6762,53.37,73,100,4.0,overcast clouds
583,Palana,RU,2022-01-30 22:19:57,59.1167,159.9667,27.86,64,70,26.66,broken clouds
584,Uyemskiy,RU,2022-01-30 22:19:58,64.4743,40.8524,15.85,92,100,4.47,light snow
585,Tres Arroyos,AR,2022-01-30 22:19:58,-38.3739,-60.2798,66.27,60,35,19.69,scattered clouds
586,Wattegama,LK,2022-01-30 22:19:59,6.7989,81.4808,71.8,96,24,4.45,few clouds
587,Ponta Delgada,PT,2022-01-30 22:19:59,37.7333,-25.6667,59.72,72,40,20.71,scattered clouds
588,Crestview,US,2022-01-30 22:20:00,30.7621,-86.5705,62.15,44,0,7.0,clear sky
589,Zhanaozen,KZ,2022-01-30 22:20:01,43.3,52.8,39.15,72,100,14.09,overcast clouds
590,San Cristobal,VE,2022-01-30 22:19:47,7.7669,-72.225,69.98,65,96,4.61,overcast clouds
591,Wick,GB,2022-01-30 22:20:02,58.4333,-3.0833,39.25,93,100,26.46,light rain
592,Okhotsk,RU,2022-01-30 22:20:03,59.3833,143.3,13.64,73,100,17.78,overcast clouds
593,Zabol,AF,2022-01-30 22:20:04,32.25,67.25,37.0,69,2,12.24,clear sky
594,Tecoanapa,MX,2022-01-30 22:20:04,16.5167,-98.75,83.41,64,3,11.01,clear sky
595,Sassandra,CI,2022-01-30 22:20:05,4.95,-6.0833,78.19,91,53,5.61,broken clouds
596,Acapulco,MX,2022-01-30 22:18:48,16.8634,-99.8901,84.02,70,20,4.61,few clouds
597,Garissa,KE,2022-01-30 22:19:52,-0.4536,39.6401,78.04,67,43,13.35,scattered clouds
598,Rauma,FI,2022-01-30 22:20:05,61.1272,21.5113,24.84,87,100,15.21,overcast clouds
599,Kropotkin,RU,2022-01-30 22:20:06,45.4375,40.5756,30.25,87,100,7.52,overcast clouds
600,Kopargaon,IN,2022-01-30 22:21:06,19.8833,74.4833,63.79,32,0,5.91,clear sky
601,Kloulklubed,PW,2022-01-30 22:21:07,7.0419,134.2556,75.7,72,97,13.6,overcast clouds
602,Sokolovo,RU,2022-01-30 22:21:07,52.5318,84.7896,-6.99,100,44,4.0,scattered clouds
603,Caxito,AO,2022-01-30 22:21:08,-8.5785,13.6643,79.45,93,100,2.28,overcast clouds
604,Itaituba,BR,2022-01-30 22:18:46,-4.2761,-55.9836,75.31,89,100,0.74,overcast clouds
605,Akureyri,IS,2022-01-30 22:21:08,65.6835,-18.0878,24.73,46,75,6.91,broken clouds
606,Camargo,MX,2022-01-30 22:21:09,27.6667,-105.1667,75.11,15,59,9.84,broken clouds
607,Tretten,NO,2022-01-30 22:21:09,61.3142,10.3007,16.65,90,84,3.91,broken clouds
608,Porto Belo,BR,2022-01-30 22:21:10,-27.1578,-48.5531,75.18,69,95,8.28,overcast clouds
609,Muscat,OM,2022-01-30 22:16:31,23.6139,58.5922,68.02,64,0,7.74,clear sky
610,Carutapera,BR,2022-01-30 22:21:10,-1.195,-46.02,74.91,94,100,7.47,moderate rain
611,Dulce Nombre De Culmi,HN,2022-01-30 22:21:11,15.1,-85.5333,82.63,88,97,3.69,overcast clouds
612,Lexington,US,2022-01-30 22:16:26,37.9887,-84.4777,42.94,52,0,6.91,clear sky
613,Yarada,IN,2022-01-30 22:21:12,17.65,83.2667,70.92,74,1,2.89,clear sky
614,Vagur,FO,2022-01-30 22:21:12,61.4732,-6.8119,37.65,75,100,44.9,overcast clouds
615,Jandayan,PH,2022-01-30 22:21:13,10.1667,124.1833,78.94,83,19,2.28,few clouds
616,Vila Do Maio,CV,2022-01-30 22:21:13,15.1333,-23.2167,70.59,73,100,20.65,overcast clouds
617,Sampit,ID,2022-01-30 22:21:14,-2.5333,112.95,72.21,90,100,1.83,overcast clouds
618,Karimpur,IN,2022-01-30 22:18:33,23.9667,88.6167,56.21,57,7,2.37,clear sky
619,Amahai,ID,2022-01-30 22:21:15,-3.3333,128.9167,78.6,82,100,8.75,overcast clouds
620,Gunjur,GM,2022-01-30 22:21:15,13.2019,-16.7339,75.27,69,100,11.5,overcast clouds
621,Sarkand,KZ,2022-01-30 22:21:16,45.41,79.9186,17.13,73,47,7.38,scattered clouds
622,Yerbogachen,RU,2022-01-30 22:17:07,61.2767,108.0108,-18.09,100,93,3.06,overcast clouds
623,Tiznit,MA,2022-01-30 22:21:17,29.5833,-9.5,62.44,27,100,22.24,overcast clouds
624,Wangkui,CN,2022-01-30 22:21:17,46.8333,126.5,-17.72,100,47,2.17,scattered clouds
625,Daugai,LT,2022-01-30 22:21:19,54.3667,24.3333,30.69,95,100,20.47,snow
626,Vanavara,RU,2022-01-30 22:21:19,60.34,102.2797,-17.46,100,100,1.7,overcast clouds
627,Amio,PH,2022-01-30 22:21:20,9.3571,122.9413,74.07,90,9,3.33,clear sky
628,Puerto Escondido,MX,2022-01-30 22:21:21,15.85,-97.0667,82.9,60,0,6.17,clear sky
629,Corlu,TR,2022-01-30 22:21:21,41.1592,27.8,42.78,61,75,14.97,broken clouds
630,Ugoofaaru,MV,2022-01-30 22:21:22,5.6667,73.0,81.64,75,40,13.47,scattered clouds
631,Maceio,BR,2022-01-30 22:21:22,-9.6658,-35.7353,81.84,83,20,4.61,few clouds
632,Egvekinot,RU,2022-01-30 22:21:22,66.3167,-179.1667,-1.05,65,63,7.92,broken clouds
633,Hualmay,PE,2022-01-30 22:17:10,-11.0964,-77.6139,72.86,77,100,9.48,overcast clouds
634,Shenjiamen,CN,2022-01-30 22:21:23,29.9576,122.298,40.03,64,4,11.05,clear sky
635,Shubarshi,KZ,2022-01-30 22:21:24,48.5872,57.1869,25.52,95,100,14.23,overcast clouds
636,Sicuani,PE,2022-01-30 22:21:24,-14.2694,-71.2261,51.73,80,100,1.72,light rain
637,Luna,PH,2022-01-30 22:21:24,10.9667,123.2333,78.46,82,39,3.31,scattered clouds
638,Vokhma,RU,2022-01-30 22:21:25,58.9303,46.7586,9.28,97,98,4.94,overcast clouds
639,Price,US,2022-01-30 22:21:25,39.5994,-110.8107,47.12,28,0,0.0,clear sky
640,Hami,CN,2022-01-30 22:21:26,42.8,93.45,23.23,41,100,1.14,overcast clouds
641,Lazaro Cardenas,MX,2022-01-30 22:21:26,17.9583,-102.2,83.46,50,0,10.25,clear sky
642,Sechura,PE,2022-01-30 22:21:27,-5.5569,-80.8222,78.06,63,76,14.61,broken clouds
643,Denpasar,ID,2022-01-30 22:21:27,-8.65,115.2167,76.71,94,75,1.14,broken clouds
644,Qixingtai,CN,2022-01-30 22:21:27,30.4135,111.8874,38.46,79,100,1.21,light rain
645,Grafton,US,2022-01-30 22:21:28,42.207,-71.6856,19.67,45,0,9.22,clear sky
646,Aldan,RU,2022-01-30 22:22:28,58.6031,125.3894,-13.95,99,100,3.22,overcast clouds
647,Yinchuan,CN,2022-01-30 22:22:29,38.4681,106.2731,16.21,31,0,6.11,clear sky
648,Maldonado,UY,2022-01-30 22:22:29,-34.6667,-54.9167,81.23,61,0,5.79,clear sky
649,Sabang,ID,2022-01-30 22:21:26,5.8933,95.3214,81.39,75,86,7.99,overcast clouds
650,Balkanabat,TM,2022-01-30 22:22:30,39.5108,54.3671,45.12,51,94,7.74,overcast clouds
651,Arona,ES,2022-01-30 22:22:30,28.0996,-16.681,59.4,64,10,1.99,haze
652,Charyshskoye,RU,2022-01-30 22:22:30,51.3978,83.5598,9.75,89,92,4.23,overcast clouds
653,Walvis Bay,NA,2022-01-30 22:22:31,-22.9575,14.5053,66.09,94,100,10.36,overcast clouds
654,Likasi,CD,2022-01-30 22:22:31,-10.9814,26.7333,62.76,98,100,2.37,light rain
655,Eenhana,NA,2022-01-30 22:22:32,-17.4667,16.3333,69.55,82,100,2.04,overcast clouds
656,Zaragoza,ES,2022-01-30 22:22:32,41.6561,-0.8773,50.45,54,0,3.0,clear sky
657,Syasstroy,RU,2022-01-30 22:22:33,60.1367,32.5691,23.52,95,100,9.78,snow
658,Pangkalanbuun,ID,2022-01-30 22:22:33,-2.6833,111.6167,74.3,91,100,2.39,overcast clouds
659,Salmo,CA,2022-01-30 22:22:34,49.1999,-117.2689,37.08,84,100,4.14,overcast clouds
660,Certaldo,IT,2022-01-30 22:22:34,43.547,11.0402,52.23,100,29,0.56,scattered clouds
661,Teeli,RU,2022-01-30 22:22:34,51.0333,90.2333,-20.38,91,11,1.12,few clouds
662,Colquechaca,BO,2022-01-30 22:22:35,-18.6667,-66.0167,40.82,68,97,6.87,overcast clouds
663,Tingo Maria,PE,2022-01-30 22:22:35,-9.2895,-76.0088,73.54,96,100,1.21,overcast clouds
664,Coracora,PE,2022-01-30 22:22:36,-15.0333,-73.7833,49.08,78,100,7.52,overcast clouds
665,Aquin,HT,2022-01-30 22:22:36,18.2833,-73.4,79.03,69,35,1.74,scattered clouds
666,Port Hedland,AU,2022-01-30 22:22:37,-20.3167,118.5667,80.65,83,94,10.36,overcast clouds
667,Alugan,PH,2022-01-30 22:22:37,12.2188,125.4808,77.49,85,39,2.64,scattered clouds
668,Gigmoto,PH,2022-01-30 22:22:37,13.7796,124.39,76.69,89,43,9.15,scattered clouds
669,Sumbe,AO,2022-01-30 22:22:38,-11.2061,13.8437,77.14,86,91,5.95,overcast clouds
670,Garowe,SO,2022-01-30 22:22:38,8.4054,48.4845,68.67,73,100,11.12,overcast clouds
671,Changping,CN,2022-01-30 22:22:39,40.2186,116.2197,19.04,36,0,7.61,clear sky
672,Ingleside,US,2022-01-30 22:22:39,27.8778,-97.2117,67.21,78,0,1.99,clear sky
673,Coquimbo,CL,2022-01-30 22:22:40,-29.9533,-71.3436,67.73,72,0,13.8,clear sky
674,Neverkino,RU,2022-01-30 22:22:40,52.7854,46.7417,17.85,99,97,5.97,overcast clouds
675,Kashin,RU,2022-01-30 22:22:40,57.3592,37.6081,21.92,94,100,11.14,overcast clouds
676,Pirovskoye,RU,2022-01-30 22:22:41,57.6267,92.2658,-4.4,97,70,4.16,broken clouds
677,Boffa,GN,2022-01-30 22:22:41,10.1667,-14.0333,77.5,87,29,2.93,scattered clouds
678,Marfino,RU,2022-01-30 22:21:25,55.7028,37.3822,25.05,92,75,11.18,shower snow
679,Batemans Bay,AU,2022-01-30 22:22:42,-35.7167,150.1833,77.99,82,23,1.16,few clouds
680,Raudeberg,NO,2022-01-30 22:22:43,61.9875,5.1352,33.19,69,100,3.0,overcast clouds
681,Wanaka,NZ,2022-01-30 22:22:43,-44.7,169.15,71.11,57,18,1.99,few clouds
682,Snezhnogorsk,RU,2022-01-30 22:22:43,69.1933,33.2531,-13.22,99,72,8.9,broken clouds
683,Havelock,US,2022-01-30 22:19:50,34.8791,-76.9013,44.58,57,6,1.01,clear sky
684,Abeokuta,NG,2022-01-30 22:21:44,7.15,3.35,78.35,22,85,2.57,overcast clouds
685,Killybegs,IE,2022-01-30 22:22:44,54.6333,-8.45,43.45,74,86,28.12,overcast clouds
686,Touros,BR,2022-01-30 22:22:45,-5.1989,-35.4608,81.5,76,20,12.57,few clouds
687,Angoche,MZ,2022-01-30 22:22:45,-16.2325,39.9086,77.16,82,2,1.77,clear sky
688,Seoul,KR,2022-01-30 22:18:12,37.5683,126.9778,20.64,79,0,2.3,clear sky
689,Punta Alta,AR,2022-01-30 22:22:22,-38.8759,-62.0736,64.11,56,66,18.23,broken clouds
690,Acarau,BR,2022-01-30 22:22:46,-2.8856,-40.12,77.29,82,100,10.6,light rain
691,Nizhnevartovsk,RU,2022-01-30 22:22:10,60.9344,76.5531,6.82,85,100,11.18,light snow
692,Jieshi,CN,2022-01-30 22:23:47,22.8134,115.8257,51.94,68,96,15.75,overcast clouds
693,Dakar,SN,2022-01-30 22:23:47,14.6937,-17.4441,70.68,88,100,18.41,overcast clouds
694,Kapasan,ID,2022-01-30 22:23:48,-6.7773,111.3789,75.13,94,100,3.74,overcast clouds
695,Conceicao Do Araguaia,BR,2022-01-30 22:23:48,-8.2578,-49.2647,73.65,92,100,3.62,overcast clouds
696,Maracai,BR,2022-01-30 22:23:49,-22.6106,-50.6672,72.75,93,94,6.67,overcast clouds
697,Kapiri Mposhi,ZM,2022-01-30 22:23:49,-13.9652,28.6809,62.17,99,100,2.68,moderate rain
698,Weihai,CN,2022-01-30 22:23:49,37.5017,122.1136,31.68,53,6,9.73,clear sky
